<?xml version="1.0" encoding="UTF-8"?>
<kml xmlns="http://www.opengis.net/kml/2.2">
  <Document>
    <name>NAE_Stages_125-128 Volcan to Panama City</name>
    <description/>
    <Style id="line-0F9D58-4488-normal">
      <LineStyle>
        <color>ff589d0f</color>
        <width>4.488</width>
      </LineStyle>
    </Style>
    <Style id="line-0F9D58-4488-highlight">
      <LineStyle>
        <color>ff589d0f</color>
        <width>6.732</width>
      </LineStyle>
    </Style>
    <StyleMap id="line-0F9D58-4488">
      <Pair>
        <key>normal</key>
        <styleUrl>#line-0F9D58-4488-normal</styleUrl>
      </Pair>
      <Pair>
        <key>highlight</key>
        <styleUrl>#line-0F9D58-4488-highlight</styleUrl>
      </Pair>
    </StyleMap>
    <Style id="line-3949AB-4681-normal">
      <LineStyle>
        <color>ffab4939</color>
        <width>4.681</width>
      </LineStyle>
    </Style>
    <Style id="line-3949AB-4681-highlight">
      <LineStyle>
        <color>ffab4939</color>
        <width>7.0215</width>
      </LineStyle>
    </Style>
    <StyleMap id="line-3949AB-4681">
      <Pair>
        <key>normal</key>
        <styleUrl>#line-3949AB-4681-normal</styleUrl>
      </Pair>
      <Pair>
        <key>highlight</key>
        <styleUrl>#line-3949AB-4681-highlight</styleUrl>
      </Pair>
    </StyleMap>
    <Style id="line-FBC02D-4294-normal">
      <LineStyle>
        <color>ff2dc0fb</color>
        <width>4.294</width>
      </LineStyle>
    </Style>
    <Style id="line-FBC02D-4294-highlight">
      <LineStyle>
        <color>ff2dc0fb</color>
        <width>6.441</width>
      </LineStyle>
    </Style>
    <StyleMap id="line-FBC02D-4294">
      <Pair>
        <key>normal</key>
        <styleUrl>#line-FBC02D-4294-normal</styleUrl>
      </Pair>
      <Pair>
        <key>highlight</key>
        <styleUrl>#line-FBC02D-4294-highlight</styleUrl>
      </Pair>
    </StyleMap>
    <Style id="line-FF0000-4875-normal">
      <LineStyle>
        <color>ff0000ff</color>
        <width>4.875</width>
      </LineStyle>
    </Style>
    <Style id="line-FF0000-4875-highlight">
      <LineStyle>
        <color>ff0000ff</color>
        <width>7.3125</width>
      </LineStyle>
    </Style>
    <StyleMap id="line-FF0000-4875">
      <Pair>
        <key>normal</key>
        <styleUrl>#line-FF0000-4875-normal</styleUrl>
      </Pair>
      <Pair>
        <key>highlight</key>
        <styleUrl>#line-FF0000-4875-highlight</styleUrl>
      </Pair>
    </StyleMap>
    <Folder>
      <name>NAE25-125 Volcan to Playa Las Lajas</name>
      <Placemark>
        <name>NAE25-125 Volcan to Playa Las Lajas</name>
        <description>-- View in full at http://ridewithgps.com/routes/45708342</description>
        <styleUrl>#line-FF0000-4875</styleUrl>
        <LineString>
          <tessellate>1</tessellate>
          <coordinates>
            -82.65635,8.79249,1361.4
            -82.656123,8.792244,1361.7
            -82.65589,8.79199,1361.9
            -82.65547,8.79151,1363.6
            -82.65486,8.79082,1366.4
            -82.65479,8.79074,1366.6
            -82.65428,8.79016,1368.5
            -82.654169,8.79005,1368.9
            -82.65339,8.789199,1378.2
            -82.65235,8.78802,1380.2
            -82.65223,8.78788,1380.3
            -82.6515,8.78705,1381.4
            -82.651349,8.78687,1381.8
            -82.6507,8.78613,1383.9
            -82.649959,8.7853,1385.2
            -82.64993,8.785259,1385.3
            -82.649379,8.78466,1387.4
            -82.64852,8.7837,1388.6
            -82.64806,8.78318,1388.6
            -82.64745,8.78251,1389.2
            -82.647409,8.78247,1389.4
            -82.64701,8.78203,1390.7
            -82.64664,8.78163,1391
            -82.64582,8.78068,1391.7
            -82.6452,8.78001,1392.3
            -82.6446,8.77934,1393.2
            -82.64397,8.77865,1393.5
            -82.64351,8.77812,1394.4
            -82.64301,8.77757,1394.4
            -82.64283,8.77738,1394.8
            -82.64266,8.7772,1395.2
            -82.64252,8.77709,1395.5
            -82.64241,8.77701,1395.3
            -82.64223,8.77691,1395.1
            -82.64199,8.77681,1395
            -82.64082,8.77629,1396.4
            -82.64043,8.7761,1398.5
            -82.64013,8.77591,1399.6
            -82.63961,8.77542,1402.6
            -82.63909,8.77487,1401.5
            -82.63824,8.77399,1397.3
            -82.63761,8.77336,1396.3
            -82.6372,8.77293,1395.6
            -82.63637,8.77202,1394.5
            -82.63519,8.77071,1392.6
            -82.634649,8.77011,1393.2
            -82.6342,8.7696,1393.9
            -82.63397,8.76935,1393.8
            -82.6336,8.76895,1393.3
            -82.63339,8.7687,1392.6
            -82.63326,8.76854,1392.2
            -82.6331,8.7683,1391.5
            -82.63302,8.76816,1391.2
            -82.63293,8.76795,1390.8
            -82.63291,8.76788,1390.7
            -82.632859,8.76758,1389.9
            -82.63285,8.7674,1390.2
            -82.63284,8.76711,1391.8
            -82.63285,8.76653,1394.4
            -82.632859,8.76591,1396.4
            -82.63285,8.7654,1399.3
            -82.63288,8.7651,1400.3
            -82.6329,8.76491,1400.7
            -82.63293,8.76475,1400.7
            -82.63294,8.76474,1400.5
            -82.63297,8.76465,1400.4
            -82.6331,8.76442,1400.1
            -82.63333,8.76414,1401
            -82.63337,8.76411,1400.7
            -82.63351,8.76398,1400.3
            -82.63367,8.76383,1400.8
            -82.63386,8.76368,1402.5
            -82.63399,8.76354,1405
            -82.63403,8.76348,1406.2
            -82.63406,8.76343,1407.2
            -82.63408,8.76337,1408.4
            -82.63411,8.763299,1409.4
            -82.63413,8.76324,1409.7
            -82.63413,8.76318,1409.8
            -82.63414,8.76314,1410.1
            -82.63414,8.76308,1410.2
            -82.63414,8.76303,1410.3
            -82.63413,8.76299,1410.2
            -82.6341,8.76287,1409.8
            -82.63404,8.76267,1408.6
            -82.63397,8.76247,1406.9
            -82.63392,8.76231,1406.1
            -82.63391,8.76225,1406
            -82.63388,8.7621,1405.7
            -82.63388,8.76197,1406.1
            -82.63388,8.76189,1406.4
            -82.6339,8.76162,1407.8
            -82.6339,8.76153,1408.2
            -82.633889,8.76144,1408.4
            -82.63388,8.76138,1408.4
            -82.63387,8.76131,1408.4
            -82.63384,8.76126,1407.9
            -82.633799,8.76117,1407.4
            -82.63365,8.76095,1405.1
            -82.63342,8.76069,1404.6
            -82.63332,8.76059,1405.4
            -82.63317,8.76046,1405.5
            -82.63315,8.76045,1405.3
            -82.63308,8.76042,1404.5
            -82.633,8.760389,1403.4
            -82.6329,8.76035,1402.2
            -82.63272,8.76031,1399
            -82.63231,8.76024,1392.5
            -82.63227,8.76023,1392.1
            -82.63218,8.7602,1391.2
            -82.63213,8.76019,1390.5
            -82.63209,8.76016,1390.4
            -82.63205,8.76013,1390.3
            -82.63197,8.76008,1389.7
            -82.63194,8.76004,1389.9
            -82.6319,8.76,1389.8
            -82.63185,8.75992,1388.9
            -82.63184,8.75992,1388.7
            -82.63179,8.759829,1387.7
            -82.63176,8.75977,1386.9
            -82.631739,8.75971,1386.4
            -82.63172,8.75962,1385.7
            -82.63171,8.759499,1385.3
            -82.63171,8.75941,1385.2
            -82.63171,8.7594,1385.2
            -82.63172,8.75926,1385.4
            -82.63175,8.75911,1385.6
            -82.63178,8.75892,1383.6
            -82.63179,8.75869,1380
            -82.63181,8.75853,1378.1
            -82.631829,8.75832,1375.5
            -82.63184,8.75815,1374.4
            -82.63188,8.75763,1371
            -82.63189,8.7575,1370
            -82.63191,8.757339,1368.5
            -82.63193,8.75725,1367.9
            -82.63193,8.75724,1367.7
            -82.63195,8.75718,1367.5
            -82.63196,8.75714,1367.2
            -82.63197,8.7571,1366.8
            -82.632,8.75702,1366.4
            -82.63204,8.75694,1366
            -82.63214,8.756779,1365.3
            -82.6322,8.75671,1365.1
            -82.63225,8.75665,1365
            -82.63235,8.75649,1365.5
            -82.63236,8.75648,1365.5
            -82.63245,8.75634,1365.9
            -82.63255,8.756169,1366.5
            -82.63269,8.75588,1366.8
            -82.63321,8.75505,1368.8
            -82.63343,8.75471,1368.6
            -82.6336,8.75445,1367.8
            -82.63395,8.75391,1363.9
            -82.63472,8.75267,1357.6
            -82.63499,8.75225,1357.6
            -82.63538,8.7516,1360.5
            -82.63562,8.75121,1361.1
            -82.63596,8.75071,1360
            -82.63599,8.75066,1360
            -82.63609,8.75051,1359.6
            -82.63613,8.75044,1359.4
            -82.63636,8.75005,1357.1
            -82.63643,8.74991,1356.1
            -82.63647,8.74982,1355.5
            -82.63648,8.74976,1355.2
            -82.6365,8.74971,1354.9
            -82.6365,8.74968,1354.8
            -82.63651,8.74956,1354.4
            -82.63652,8.74944,1354.1
            -82.63652,8.749269,1353.7
            -82.63652,8.74919,1353.5
            -82.6365,8.74911,1353.1
            -82.63648,8.74904,1352.6
            -82.63645,8.748989,1352.5
            -82.63643,8.74893,1352.2
            -82.63639,8.74886,1352
            -82.636259,8.748659,1351.6
            -82.63617,8.74854,1351.7
            -82.63613,8.74849,1351.7
            -82.63556,8.74779,1345
            -82.63531,8.74748,1342.4
            -82.6351,8.74723,1338.6
            -82.63451,8.74652,1332.6
            -82.63417,8.74612,1328.5
            -82.63377,8.74565,1325.6
            -82.63369,8.74556,1324.9
            -82.633529,8.74537,1322.6
            -82.63316,8.74493,1318.7
            -82.63308,8.74481,1319.4
            -82.63294,8.74461,1320.1
            -82.63285,8.74445,1319.5
            -82.63276,8.74428,1318.3
            -82.63249,8.74351,1309.6
            -82.632409,8.743359,1309.7
            -82.63238,8.74329,1309
            -82.63235,8.74322,1308.1
            -82.63231,8.74315,1307.4
            -82.6323,8.74313,1307.2
            -82.63213,8.74284,1304
            -82.63202,8.74266,1301.7
            -82.63196,8.74258,1300.8
            -82.631919,8.74249,1299.1
            -82.63189,8.7424,1297.7
            -82.63185,8.74227,1295.6
            -82.63184,8.74221,1294.5
            -82.631829,8.74213,1292.8
            -82.63182,8.74205,1291.2
            -82.6318,8.74192,1288.7
            -82.63179,8.74183,1286.9
            -82.63178,8.74175,1285.3
            -82.63175,8.7414,1278.6
            -82.631739,8.74135,1277.8
            -82.63172,8.74127,1276.7
            -82.63171,8.74122,1276
            -82.63168,8.74117,1275.9
            -82.63166,8.74113,1275.4
            -82.63163,8.74109,1274.6
            -82.6316,8.74105,1273.7
            -82.63157,8.74103,1273.3
            -82.63154,8.741,1272.6
            -82.63153,8.74099,1272.4
            -82.63148,8.74095,1271.5
            -82.631379,8.7409,1270.2
            -82.63132,8.74088,1269.7
            -82.63128,8.740869,1269.4
            -82.63123,8.74086,1269.1
            -82.63116,8.74086,1269.1
            -82.63109,8.74086,1269
            -82.63103,8.740869,1269.2
            -82.63097,8.74089,1269.7
            -82.6309,8.74091,1270.2
            -82.63085,8.74094,1271
            -82.630799,8.74099,1271.9
            -82.63073,8.74107,1273.1
            -82.63064,8.74117,1274.5
            -82.63058,8.74123,1275.2
            -82.63051,8.7413,1276
            -82.63046,8.74133,1276
            -82.63036,8.74138,1275.7
            -82.63031,8.74139,1275.2
            -82.63026,8.74141,1274.9
            -82.63023,8.74142,1274.7
            -82.63013,8.74142,1273.1
            -82.6301,8.74143,1272.9
            -82.63003,8.74142,1271.6
            -82.63,8.74142,1271.1
            -82.62994,8.74141,1271.6
            -82.62988,8.74138,1271.6
            -82.62983,8.74135,1271.6
            -82.6298,8.74132,1271.3
            -82.629769,8.7413,1271.3
            -82.62972,8.74124,1270.7
            -82.62967,8.74117,1269.9
            -82.62963,8.74112,1269.5
            -82.62957,8.74103,1268.6
            -82.62951,8.74094,1267.9
            -82.62947,8.74089,1267.6
            -82.629409,8.74079,1266.4
            -82.62929,8.74068,1265.1
            -82.62914,8.74056,1263.6
            -82.6288,8.7403,1261.6
            -82.62818,8.73982,1260.6
            -82.62808,8.73975,1260.8
            -82.62788,8.7396,1260.2
            -82.62757,8.73934,1256.2
            -82.6274,8.73915,1252.3
            -82.6273,8.73902,1253.5
            -82.62722,8.738899,1253.7
            -82.62711,8.73872,1252.8
            -82.626769,8.73811,1247.2
            -82.62628,8.7373,1243.2
            -82.62625,8.73724,1242.6
            -82.62621,8.73718,1242
            -82.62618,8.73712,1241.6
            -82.62616,8.737069,1241.3
            -82.62614,8.73701,1241
            -82.62613,8.73696,1240.9
            -82.62612,8.73688,1240.6
            -82.62609,8.73667,1240.1
            -82.62611,8.736319,1235.6
            -82.62609,8.73614,1233.4
            -82.62608,8.73608,1232.7
            -82.62607,8.73606,1232.6
            -82.62605,8.73599,1231.9
            -82.62603,8.73593,1231.3
            -82.626,8.73588,1231
            -82.62596,8.73584,1230.9
            -82.625919,8.7358,1230.2
            -82.62589,8.73578,1229.9
            -82.62544,8.735429,1225.3
            -82.62529,8.73531,1224.2
            -82.62524,8.73525,1223.4
            -82.62518,8.73517,1222.3
            -82.62514,8.73508,1220.7
            -82.62512,8.73502,1219.5
            -82.62511,8.73494,1218.4
            -82.62511,8.73488,1217.7
            -82.62512,8.73479,1216.5
            -82.62514,8.73471,1215.2
            -82.62518,8.73462,1213.7
            -82.62522,8.73453,1212.1
            -82.62538,8.73409,1206.1
            -82.62543,8.73396,1204.9
            -82.62547,8.73367,1202.9
            -82.62547,8.73366,1202.8
            -82.62548,8.73335,1201
            -82.62546,8.73275,1193.6
            -82.62545,8.73245,1190.3
            -82.62545,8.73221,1188.8
            -82.62545,8.73198,1187.4
            -82.62547,8.73185,1186.5
            -82.6255,8.73166,1185.2
            -82.62557,8.73136,1187.6
            -82.62563,8.73098,1192.1
            -82.62563,8.73081,1193.6
            -82.62563,8.73065,1193.7
            -82.62559,8.73044,1192.6
            -82.62559,8.73042,1192.6
            -82.62542,8.72967,1181.8
            -82.62523,8.72884,1164.5
            -82.62514,8.72854,1158.5
            -82.625069,8.72831,1155.1
            -82.62499,8.72814,1154.7
            -82.62467,8.72756,1151.3
            -82.62434,8.72704,1147.9
            -82.62425,8.72686,1146.9
            -82.62419,8.72673,1146.3
            -82.62415,8.72662,1145.6
            -82.62412,8.72651,1144.7
            -82.62412,8.72645,1144.6
            -82.62412,8.72638,1144.5
            -82.62412,8.7263,1144.4
            -82.624129,8.72622,1144.6
            -82.624129,8.7262,1144.5
            -82.62415,8.72613,1144.9
            -82.62416,8.72607,1145.1
            -82.62417,8.72599,1145.2
            -82.62425,8.72578,1145.4
            -82.62448,8.72516,1143.5
            -82.62473,8.724449,1144.2
            -82.624889,8.724,1144.3
            -82.62511,8.72334,1141.8
            -82.62532,8.72279,1138.2
            -82.62538,8.72263,1137.1
            -82.62555,8.72219,1135.2
            -82.62568,8.72183,1133.7
            -82.62571,8.72172,1133
            -82.625739,8.72163,1132.6
            -82.62577,8.72153,1132.3
            -82.62581,8.7213,1131.1
            -82.62581,8.721259,1130.8
            -82.62581,8.72117,1130.2
            -82.6258,8.72111,1129.6
            -82.62579,8.72104,1129
            -82.62577,8.72092,1127.9
            -82.62572,8.72072,1126.1
            -82.62561,8.72037,1123.1
            -82.62549,8.71988,1119.4
            -82.62539,8.71947,1116.5
            -82.62537,8.71936,1115.8
            -82.62537,8.71926,1115.3
            -82.62536,8.71914,1114.6
            -82.62536,8.71901,1114.1
            -82.62538,8.7188,1113.2
            -82.62545,8.71806,1110.1
            -82.62555,8.71703,1107.8
            -82.625649,8.71624,1105.3
            -82.625739,8.71537,1102.9
            -82.62577,8.71487,1102.1
            -82.62576,8.71466,1100.9
            -82.625739,8.71434,1099
            -82.62571,8.71414,1097.9
            -82.62551,8.71362,1096
            -82.62505,8.71261,1096.6
            -82.62493,8.71229,1096.3
            -82.624889,8.71218,1096
            -82.62484,8.71203,1095.6
            -82.624799,8.71185,1095.2
            -82.62476,8.711639,1094.7
            -82.62474,8.7114,1092.8
            -82.62472,8.71099,1089.8
            -82.62474,8.7106,1087.6
            -82.62477,8.70991,1084.7
            -82.62481,8.7091,1084
            -82.62485,8.708,1077
            -82.62487,8.707649,1075.7
            -82.62488,8.70728,1074.6
            -82.624889,8.7071,1074.1
            -82.62493,8.70627,1072
            -82.62496,8.70602,1071.4
            -82.62499,8.70579,1071.3
            -82.62506,8.70526,1074.8
            -82.62517,8.70461,1076.1
            -82.6252,8.70442,1076.3
            -82.62532,8.70335,1070.1
            -82.62538,8.70289,1069.3
            -82.6254,8.702629,1068.7
            -82.62552,8.70118,1070.6
            -82.62563,8.69989,1071.1
            -82.62564,8.69974,1070.5
            -82.62581,8.69831,1064
            -82.62582,8.69823,1064.1
            -82.62587,8.69758,1065
            -82.62596,8.69663,1063
            -82.62599,8.69641,1062.7
            -82.626,8.69621,1062.5
            -82.626,8.69616,1062.4
            -82.626,8.696059,1062.3
            -82.62599,8.69588,1062.1
            -82.62595,8.6954,1060.4
            -82.62591,8.69509,1058.9
            -82.625829,8.69443,1061.3
            -82.62581,8.69407,1062.1
            -82.6258,8.69398,1061.6
            -82.6258,8.69377,1060.9
            -82.6258,8.69363,1060.3
            -82.6258,8.69357,1060.1
            -82.625829,8.69345,1060.3
            -82.62587,8.693339,1060.5
            -82.62608,8.69281,1058.3
            -82.62625,8.69244,1058.7
            -82.62645,8.69199,1057.4
            -82.6267,8.69155,1057.1
            -82.6268,8.69131,1055.9
            -82.626859,8.69114,1055.3
            -82.62691,8.69098,1054.8
            -82.626949,8.69081,1054.4
            -82.626949,8.69079,1054.4
            -82.62696,8.69069,1054.4
            -82.626949,8.69054,1054.2
            -82.626949,8.69042,1054.1
            -82.62693,8.690289,1053.8
            -82.62684,8.689959,1053
            -82.62675,8.68956,1053.3
            -82.62667,8.68924,1054.7
            -82.6266,8.68867,1053.4
            -82.6266,8.68864,1053.4
            -82.62647,8.68706,1045.2
            -82.62639,8.686159,1044.4
            -82.62629,8.68519,1043.1
            -82.62621,8.68448,1040.3
            -82.62617,8.6838,1040.6
            -82.62611,8.6834,1042.1
            -82.62607,8.68306,1043
            -82.62596,8.68238,1044.6
            -82.62596,8.68233,1044.5
            -82.6259,8.68183,1044.5
            -82.62586,8.68152,1042.5
            -82.62582,8.68116,1036.9
            -82.625829,8.68097,1034.1
            -82.62585,8.68044,1026.3
            -82.62586,8.68037,1025.3
            -82.62586,8.68008,1021.2
            -82.62585,8.67976,1020.3
            -82.62584,8.67961,1020.5
            -82.6258,8.67943,1020.1
            -82.62577,8.679309,1019.7
            -82.625739,8.67925,1019.2
            -82.62543,8.67836,1021.9
            -82.625154,8.677688,1020.2
            -82.62511,8.67758,1020.3
            -82.62504,8.67739,1018.6
            -82.62499,8.67724,1016.2
            -82.62495,8.6771,1013.8
            -82.62495,8.67697,1012
            -82.62495,8.67691,1011.2
            -82.62496,8.676869,1010.7
            -82.62497,8.67682,1010
            -82.62497,8.67678,1009.4
            -82.624979,8.676729,1008.8
            -82.625,8.67669,1008.3
            -82.62504,8.67657,1006.7
            -82.62514,8.67642,1004.7
            -82.62518,8.67635,1003.7
            -82.6253,8.6762,1001.8
            -82.62536,8.67613,1001
            -82.62539,8.6761,1000.6
            -82.62545,8.67599,999.2
            -82.62547,8.67594,998.6
            -82.62549,8.67587,997.7
            -82.62551,8.67581,997.1
            -82.62551,8.67576,996.9
            -82.62552,8.67569,996.6
            -82.62551,8.6755,995.8
            -82.62542,8.67455,994.3
            -82.62542,8.67437,994.4
            -82.62542,8.67412,994.5
            -82.62542,8.67391,994.3
            -82.62543,8.67367,994.1
            -82.62545,8.67344,993.8
            -82.62548,8.67324,993.3
            -82.62553,8.67278,992.2
            -82.62554,8.67269,992
            -82.625559,8.67264,991.8
            -82.62558,8.672599,991.6
            -82.62561,8.67257,991.4
            -82.62563,8.67254,991.3
            -82.62567,8.67251,991
            -82.625739,8.67248,990.5
            -82.62581,8.67245,990.1
            -82.62596,8.67244,989.5
            -82.62599,8.67244,989.4
            -82.62602,8.67244,989.3
            -82.62605,8.67244,989.1
            -82.62629,8.67247,988.3
            -82.62637,8.67243,988
            -82.62645,8.6724,987.7
            -82.62661,8.67237,987
            -82.62682,8.672319,986.4
            -82.62697,8.67229,985.9
            -82.62715,8.67224,985.3
            -82.62727,8.67221,985
            -82.62737,8.67216,984.6
            -82.62754,8.67205,983.9
            -82.62779,8.67188,983.4
            -82.62784,8.67184,983.4
            -82.6281,8.67165,983.7
            -82.62821,8.67155,984
            -82.6283,8.67143,984.5
            -82.62834,8.67136,984.7
            -82.62843,8.67118,985.1
            -82.62851,8.67101,985.7
            -82.62854,8.670959,985.8
            -82.62854,8.67094,985.9
            -82.628559,8.670909,986
            -82.628649,8.67076,986.1
            -82.62868,8.67072,985.9
            -82.6287,8.67069,985.8
            -82.62873,8.67065,985.6
            -82.62881,8.67057,985.2
            -82.62887,8.67053,985
            -82.62889,8.67051,984.9
            -82.628919,8.670489,984.7
            -82.62895,8.67048,984.6
            -82.62898,8.67046,984.5
            -82.62907,8.67042,984.1
            -82.62933,8.67027,982.6
            -82.62951,8.67015,981.3
            -82.62972,8.67,979.7
            -82.62974,8.66999,979.5
            -82.6299,8.66989,978.1
            -82.63002,8.66983,977
            -82.63012,8.66978,975.8
            -82.63028,8.66973,974.1
            -82.63045,8.66967,972.2
            -82.63061,8.66962,970.5
            -82.63082,8.66956,968.3
            -82.63109,8.66948,967.4
            -82.63126,8.66942,967
            -82.63141,8.66935,966.8
            -82.63159,8.66923,966.9
            -82.63172,8.669079,966.3
            -82.63184,8.66892,965.1
            -82.632,8.66863,963.7
            -82.63207,8.668469,963.2
            -82.63216,8.66826,962.2
            -82.63252,8.66728,953.1
            -82.63273,8.66671,949.8
            -82.632859,8.66633,947.9
            -82.63311,8.66571,946.4
            -82.63326,8.66533,946.7
            -82.6333,8.66522,946.8
            -82.63336,8.66511,946.9
            -82.63348,8.66491,947
            -82.63378,8.66443,945.8
            -82.6342,8.66375,941.9
            -82.63445,8.66336,939.1
            -82.63454,8.66322,938.5
            -82.63496,8.66261,938.6
            -82.63509,8.66239,938.3
            -82.6352,8.66216,937
            -82.63521,8.66213,936.8
            -82.63528,8.66194,935.7
            -82.635319,8.66177,934.9
            -82.63535,8.66159,933.8
            -82.6354,8.661199,931.1
            -82.63542,8.6609,929.3
            -82.63544,8.66061,928.4
            -82.63548,8.66017,927.1
            -82.635499,8.66,926.6
            -82.63553,8.65966,922.8
            -82.63558,8.65935,919.2
            -82.63565,8.65896,914.6
            -82.63566,8.65877,912.5
            -82.63566,8.6587,911.7
            -82.635589,8.65847,909.4
            -82.63549,8.65823,906.4
            -82.63537,8.658,903.9
            -82.63535,8.65794,903.3
            -82.635319,8.65787,902.8
            -82.6353,8.65771,901.1
            -82.63533,8.65723,897.2
            -82.63533,8.65722,897.2
            -82.63537,8.65671,895.9
            -82.63537,8.65618,896.9
            -82.63537,8.65615,896.9
            -82.63536,8.65578,897.1
            -82.63539,8.65546,894.4
            -82.63549,8.65514,891.7
            -82.63556,8.65502,890.8
            -82.63562,8.65494,891
            -82.63567,8.65487,891.4
            -82.63601,8.6545,892.1
            -82.63616,8.65431,892.1
            -82.63641,8.65399,891.4
            -82.63643,8.65397,891.4
            -82.63661,8.65372,891.1
            -82.63695,8.65323,888
            -82.63696,8.65321,887.8
            -82.63703,8.6531,886.8
            -82.63712,8.65296,886
            -82.63718,8.65286,885.9
            -82.63725,8.65275,886.1
            -82.63726,8.65273,886.2
            -82.637379,8.6525,887.8
            -82.63742,8.65234,886.6
            -82.63744,8.65222,885.7
            -82.63745,8.65207,884.3
            -82.63745,8.652049,884.1
            -82.63748,8.65157,879.9
            -82.63748,8.65124,877.1
            -82.63748,8.6509,874.2
            -82.63745,8.65027,866.5
            -82.63744,8.65012,864.6
            -82.63746,8.65,863.5
            -82.63749,8.64994,863.2
            -82.63752,8.64988,862.8
            -82.63757,8.64983,862.8
            -82.63762,8.64979,862.9
            -82.63787,8.64962,863.3
            -82.63806,8.64946,862.7
            -82.63821,8.649279,861.1
            -82.6384,8.64897,859.6
            -82.63863,8.64856,859.5
            -82.63878,8.64824,858.8
            -82.63902,8.64777,854.9
            -82.6391,8.6476,853.1
            -82.6392,8.64742,851.8
            -82.63928,8.64722,851.3
            -82.63938,8.64679,849.7
            -82.639439,8.6466,849.2
            -82.63949,8.64647,848.7
            -82.63961,8.64628,848.5
            -82.63981,8.64596,847.4
            -82.64005,8.64563,846.7
            -82.64021,8.64537,845.4
            -82.64035,8.64506,843.3
            -82.64039,8.64495,842.8
            -82.64041,8.64489,842.8
            -82.64042,8.64482,842.7
            -82.64043,8.64474,842.6
            -82.64044,8.64466,842.5
            -82.64043,8.64461,842.3
            -82.64042,8.644539,842.2
            -82.640379,8.64441,841.8
            -82.64028,8.64417,841
            -82.64018,8.64399,836.9
            -82.6401,8.64388,834.1
            -82.64006,8.64384,832.9
            -82.64003,8.64383,832.5
            -82.63998,8.64381,831.6
            -82.63994,8.64381,831
            -82.63989,8.64381,830.3
            -82.63983,8.64381,829.5
            -82.63968,8.64385,828.2
            -82.63942,8.64398,827.2
            -82.63918,8.64415,826.9
            -82.6391,8.64419,825.8
            -82.63905,8.6442,824.9
            -82.63903,8.64421,824.6
            -82.639,8.64422,824.1
            -82.63897,8.64422,823.5
            -82.63894,8.64423,823
            -82.638859,8.64423,821.4
            -82.6388,8.64422,820.2
            -82.63876,8.64421,819.4
            -82.6387,8.64419,818.2
            -82.63863,8.64415,816.5
            -82.63856,8.6441,814.5
            -82.63854,8.64406,813.7
            -82.63852,8.64404,813.1
            -82.63849,8.644,812.1
            -82.63846,8.643929,810.8
            -82.63845,8.64388,810.1
            -82.63843,8.64381,809
            -82.63843,8.64377,808.6
            -82.63843,8.6437,807.9
            -82.63844,8.643649,807.5
            -82.63851,8.64347,806.3
            -82.63864,8.64324,805.5
            -82.63872,8.64305,805.1
            -82.63874,8.64298,804.8
            -82.63874,8.642899,804.3
            -82.63875,8.64279,803.7
            -82.63872,8.64264,802.7
            -82.63864,8.64239,800.9
            -82.63839,8.64177,795.1
            -82.6381,8.64105,788.1
            -82.6378,8.64037,782.8
            -82.63763,8.64003,781.8
            -82.63755,8.63991,780.9
            -82.63753,8.6399,780.9
            -82.63749,8.63986,780.4
            -82.63743,8.63981,779.2
            -82.63736,8.63977,778.2
            -82.63727,8.63973,777
            -82.63711,8.63967,775.1
            -82.6367,8.63957,771.2
            -82.63664,8.63955,770.7
            -82.63636,8.63946,768.6
            -82.63623,8.63941,767.8
            -82.63619,8.639379,767.6
            -82.63615,8.63936,767.5
            -82.63606,8.63929,767.2
            -82.63601,8.63922,767.4
            -82.63588,8.63898,766.9
            -82.63567,8.63852,764.8
            -82.63544,8.63793,761.3
            -82.6351,8.63717,754.7
            -82.63478,8.63636,750.1
            -82.63459,8.63582,748.4
            -82.63443,8.63531,746.4
            -82.63419,8.634499,741.2
            -82.63406,8.63413,737.6
            -82.63388,8.63377,735.5
            -82.63364,8.6334,734.2
            -82.63313,8.63258,730
            -82.6327,8.63193,729
            -82.63196,8.63076,720.2
            -82.63163,8.63027,718.2
            -82.6315,8.63003,717.3
            -82.63135,8.62964,714
            -82.63122,8.62925,710.4
            -82.63118,8.62903,708.9
            -82.63116,8.62876,707.7
            -82.63117,8.628259,705.4
            -82.63119,8.62799,703.3
            -82.63136,8.626899,695.1
            -82.63154,8.62586,687.1
            -82.63166,8.62515,683.7
            -82.63169,8.62493,682.7
            -82.63177,8.624409,681.2
            -82.63178,8.62426,680.8
            -82.63178,8.62418,680.6
            -82.63178,8.62397,678.4
            -82.631739,8.62368,675.2
            -82.63171,8.623519,673.3
            -82.63169,8.62337,671.5
            -82.63166,8.62323,670.4
            -82.63157,8.62284,668.1
            -82.63149,8.62249,666.4
            -82.63132,8.62179,666.3
            -82.63128,8.62159,665.5
            -82.63124,8.62144,664
            -82.63105,8.62066,656.5
            -82.63096,8.62026,653.1
            -82.63087,8.61969,650
            -82.63082,8.61937,649
            -82.63076,8.61908,648
            -82.63072,8.61874,647.5
            -82.630709,8.61855,647.2
            -82.63072,8.61844,647
            -82.63075,8.618309,646.8
            -82.63079,8.61814,646.2
            -82.630979,8.61763,642.1
            -82.63105,8.61746,640.8
            -82.63115,8.61722,639.5
            -82.63145,8.61668,640.4
            -82.63146,8.61666,640.4
            -82.6316,8.61643,638.5
            -82.63178,8.61621,635.6
            -82.63193,8.61607,633.3
            -82.63205,8.61598,631.9
            -82.63209,8.61594,631.5
            -82.63252,8.61563,627.3
            -82.63282,8.61539,622.5
            -82.63289,8.6153,621.6
            -82.6329,8.61529,621.5
            -82.63299,8.61516,620.7
            -82.63303,8.61508,620.4
            -82.63305,8.61501,620.4
            -82.63308,8.61491,619.7
            -82.63308,8.61481,619.1
            -82.63308,8.61471,618.5
            -82.63306,8.61456,617.7
            -82.63299,8.61422,616
            -82.63287,8.61366,611.8
            -82.63269,8.61284,606.2
            -82.63249,8.61191,602.9
            -82.63229,8.61103,596.2
            -82.63222,8.61067,594
            -82.6321,8.61015,592.1
            -82.63193,8.60943,586.5
            -82.63178,8.60872,581
            -82.63177,8.60864,580.4
            -82.63176,8.60836,578.1
            -82.6318,8.60812,576.3
            -82.63182,8.608,575.5
            -82.63186,8.607849,574.4
            -82.631919,8.60768,573.2
            -82.63215,8.60698,568.1
            -82.63252,8.60592,561.2
            -82.63271,8.60538,560
            -82.63287,8.6049,558.4
            -82.63314,8.60412,554.7
            -82.63322,8.60388,554.3
            -82.63348,8.60313,553.9
            -82.63364,8.60269,553.4
            -82.63408,8.6015,546.4
            -82.63442,8.60049,542.3
            -82.6347,8.59965,538.8
            -82.63477,8.59947,538.1
            -82.63507,8.59862,536.4
            -82.63529,8.59798,532.6
            -82.6357,8.59679,524.1
            -82.635982,8.595986,520.5
            -82.63605,8.595789,519.5
            -82.63632,8.59503,514.8
            -82.636529,8.59444,511.8
            -82.63665,8.59409,510.2
            -82.63674,8.59372,510.1
            -82.63678,8.59354,510
            -82.63681,8.59333,510
            -82.63683,8.59308,509.2
            -82.63684,8.592599,507.8
            -82.63685,8.591989,505.9
            -82.63685,8.59178,505.2
            -82.63688,8.59086,500.6
            -82.6369,8.58963,495.7
            -82.63694,8.58836,488.2
            -82.63696,8.58762,484.7
            -82.63701,8.58583,478.8
            -82.63704,8.5852,479.3
            -82.63704,8.58499,479.4
            -82.63709,8.58363,476.9
            -82.63716,8.58165,464.7
            -82.63716,8.58112,462.4
            -82.6372,8.58014,458.6
            -82.63721,8.5798,456.4
            -82.6372,8.57901,451.2
            -82.63718,8.57884,450.9
            -82.63716,8.57869,450.7
            -82.63713,8.57855,450.5
            -82.63707,8.57833,450
            -82.637,8.57813,449.1
            -82.63699,8.57812,449.1
            -82.636889,8.57789,448.4
            -82.63678,8.57764,447.9
            -82.63647,8.57703,447.8
            -82.63636,8.57681,447.5
            -82.63584,8.57589,446.2
            -82.63537,8.57499,439.4
            -82.63498,8.57429,434.8
            -82.63397,8.57239,423.3
            -82.63386,8.57215,422.8
            -82.63356,8.5716,421.7
            -82.63311,8.57079,418.3
            -82.63226,8.569229,410.1
            -82.63197,8.56871,406.8
            -82.63121,8.56728,400
            -82.6302,8.56536,387.6
            -82.62992,8.56483,385.7
            -82.62961,8.56425,385.5
            -82.62947,8.56398,385
            -82.62913,8.56339,383.4
            -82.629009,8.56317,382
            -82.62893,8.56301,380.9
            -82.628829,8.562849,379.7
            -82.6287,8.56268,378.6
            -82.62855,8.56253,377.7
            -82.62852,8.5625,377.6
            -82.62843,8.5624,377.6
            -82.62816,8.56214,377.1
            -82.62802,8.56198,376.7
            -82.62795,8.56189,376.6
            -82.627889,8.56178,376.5
            -82.62786,8.56172,376.4
            -82.62783,8.56164,376.3
            -82.62782,8.56158,376
            -82.62782,8.561489,375.7
            -82.627799,8.56131,374.9
            -82.62779,8.56122,374.6
            -82.62778,8.56095,373.5
            -82.62778,8.56045,370.4
            -82.62776,8.55985,366.9
            -82.62773,8.55953,365.8
            -82.62759,8.5589,363
            -82.62744,8.55802,362.2
            -82.62734,8.55756,364.9
            -82.62708,8.55634,357.3
            -82.62708,8.55632,357.2
            -82.62694,8.55573,355.2
            -82.626859,8.55536,354.8
            -82.62683,8.55522,354.6
            -82.626769,8.55498,354.2
            -82.62676,8.55494,354.1
            -82.6266,8.55418,353.3
            -82.62649,8.55371,351
            -82.62646,8.553559,350.3
            -82.62616,8.55216,344.2
            -82.62611,8.55194,343.5
            -82.62587,8.55082,338.9
            -82.6257,8.54996,337.1
            -82.6255,8.54908,335.3
            -82.6253,8.54823,331.1
            -82.62522,8.54786,329.2
            -82.62492,8.546519,326.5
            -82.62467,8.54537,322.3
            -82.62454,8.544739,319.6
            -82.62435,8.5439,314.9
            -82.62426,8.54356,313.1
            -82.62409,8.54277,308.9
            -82.62401,8.54243,306.6
            -82.62393,8.54201,304.4
            -82.62382,8.54151,302.4
            -82.623769,8.54121,301.5
            -82.62367,8.540609,300.6
            -82.62366,8.54045,300.9
            -82.62364,8.5401,301.5
            -82.62357,8.53942,298.5
            -82.62357,8.5393,298
            -82.62358,8.53897,296.8
            -82.62357,8.5388,296.1
            -82.62356,8.53862,295.4
            -82.62356,8.53852,295
            -82.62353,8.53825,294.1
            -82.62348,8.53739,293.2
            -82.62346,8.53724,292.9
            -82.62343,8.53694,292.4
            -82.62344,8.53679,292.4
            -82.62345,8.53669,292.4
            -82.62347,8.536619,292.3
            -82.6235,8.53653,292
            -82.62351,8.53651,292
            -82.62355,8.53639,291.6
            -82.6237,8.53603,290.2
            -82.6238,8.535729,289.3
            -82.62382,8.53563,289.5
            -82.62381,8.535589,289.4
            -82.623769,8.5348,289.9
            -82.62373,8.53449,291.1
            -82.62369,8.53416,292.4
            -82.623679,8.53409,292.1
            -82.623589,8.5333,288.8
            -82.6235,8.5325,284.4
            -82.62348,8.531599,281.7
            -82.62342,8.5304,278.3
            -82.6234,8.52931,275.6
            -82.6234,8.529159,275.1
            -82.62337,8.52877,273.7
            -82.62337,8.52835,272.1
            -82.62334,8.52693,267.6
            -82.62332,8.526579,266.8
            -82.62332,8.52617,265.8
            -82.62332,8.52595,265.3
            -82.62331,8.52579,265
            -82.62329,8.52565,264.9
            -82.62323,8.52544,264.7
            -82.62318,8.52531,264.5
            -82.62314,8.52524,264.4
            -82.62302,8.52502,264
            -82.62286,8.52472,263
            -82.6225,8.52403,258.7
            -82.62231,8.52365,256.8
            -82.622159,8.52333,255.4
            -82.62195,8.52287,252.3
            -82.62185,8.52261,250.9
            -82.62182,8.52249,250.3
            -82.62181,8.52241,250
            -82.62181,8.52229,249.6
            -82.62181,8.522119,249
            -82.62183,8.52186,248.1
            -82.62186,8.52139,246.7
            -82.62196,8.520339,242
            -82.62203,8.51963,239.3
            -82.62206,8.51928,238.7
            -82.62218,8.51834,238
            -82.62229,8.51734,234.4
            -82.62234,8.51687,233.3
            -82.62234,8.51684,233.2
            -82.62241,8.5164,232.6
            -82.62241,8.51608,232.2
            -82.62241,8.51596,232
            -82.62241,8.515879,231.9
            -82.62243,8.51568,231.5
            -82.62251,8.51507,230.1
            -82.62261,8.51434,228.2
            -82.62263,8.51425,227.9
            -82.62242,8.51413,228
            -82.62201,8.51387,227.3
            -82.62158,8.51361,225.7
            -82.62093,8.51321,221.4
            -82.62052,8.51296,220.6
            -82.62017,8.51275,218.9
            -82.61947,8.51232,214.8
            -82.61908,8.51209,212.5
            -82.6183,8.511609,210
            -82.61792,8.51138,210.3
            -82.61727,8.51097,208.1
            -82.61611,8.51028,208
            -82.61469,8.50943,207
            -82.6142,8.5091,206
            -82.61304,8.50839,209.5
            -82.61238,8.50798,212.7
            -82.61202,8.50776,213.8
            -82.61125,8.50729,211.3
            -82.61073,8.50698,208.7
            -82.61042,8.5068,206.7
            -82.60832,8.50553,197.9
            -82.60804,8.50535,197.9
            -82.60712,8.50479,195.9
            -82.60634,8.50432,195.1
            -82.60559,8.50386,195.4
            -82.60514,8.5036,192.8
            -82.60437,8.50313,189.9
            -82.602369,8.50191,188.6
            -82.60154,8.50139,188
            -82.60081,8.50095,189.6
            -82.60054,8.50078,189.7
            -82.60045,8.50073,189.5
            -82.59936,8.50009,183.6
            -82.59811,8.49935,179.8
            -82.59778,8.49916,179.6
            -82.59747,8.499,179.4
            -82.59743,8.49898,179.3
            -82.597309,8.49892,179
            -82.5969,8.49879,178.2
            -82.5966,8.4987,177.9
            -82.59634,8.49863,178
            -82.59598,8.49858,178.2
            -82.595789,8.49856,178.1
            -82.59558,8.49855,177.4
            -82.59433,8.49847,177.5
            -82.59374,8.49841,178.6
            -82.59344,8.49837,178.9
            -82.59321,8.49832,178.9
            -82.59292,8.498239,178.5
            -82.59274,8.49818,178.3
            -82.592609,8.49813,178.1
            -82.59213,8.49789,177.1
            -82.59157,8.49761,174.5
            -82.59135,8.4975,174
            -82.59098,8.497299,173.4
            -82.58951,8.49657,172.2
            -82.58915,8.4964,173.3
            -82.58848,8.49607,172.3
            -82.58818,8.49592,172.2
            -82.58731,8.49549,172
            -82.58628,8.49499,169.6
            -82.58503,8.49437,167.1
            -82.58297,8.49332,168
            -82.58271,8.49319,167.7
            -82.58231,8.493,167.5
            -82.58172,8.49272,167
            -82.58118,8.49245,165.7
            -82.58014,8.491949,163.2
            -82.57942,8.49158,162.2
            -82.57884,8.4913,159.9
            -82.57879,8.49128,159.7
            -82.57795,8.490869,156.6
            -82.57784,8.4908,156.3
            -82.57551,8.489649,154.3
            -82.572909,8.48837,155.6
            -82.5725,8.48817,155.2
            -82.57202,8.48793,154.7
            -82.571789,8.487819,154.2
            -82.5712,8.48753,153.3
            -82.57037,8.48711,153.1
            -82.56983,8.48684,151.2
            -82.56779,8.48583,149.3
            -82.56585,8.48487,149
            -82.56493,8.48442,147.4
            -82.56433,8.48412,147
            -82.56386,8.483879,145.9
            -82.56355,8.48373,145
            -82.56287,8.483409,143
            -82.56268,8.48332,142.4
            -82.56156,8.48275,140.3
            -82.56046,8.48221,141
            -82.55945,8.48171,140
            -82.55903,8.4815,138.1
            -82.55892,8.48145,137.6
            -82.55856,8.48127,136.1
            -82.554689,8.47935,127.8
            -82.55336,8.47868,125.8
            -82.5532,8.4786,125.6
            -82.55177,8.4779,123.5
            -82.55131,8.47766,122.9
            -82.55111,8.47755,122.6
            -82.55083,8.47739,121.5
            -82.55055,8.47721,121
            -82.55015,8.47694,121
            -82.54991,8.47676,121.1
            -82.54958,8.47649,120.4
            -82.54915,8.4761,119
            -82.54805,8.47511,114.8
            -82.54684,8.47402,112.7
            -82.54597,8.47324,111.9
            -82.5457,8.47298,112.2
            -82.5453,8.47263,111.7
            -82.545019,8.4724,110.8
            -82.5446,8.47211,109.1
            -82.54434,8.47196,108.4
            -82.54416,8.47188,108
            -82.54402,8.47183,107.6
            -82.54384,8.47177,107.2
            -82.54361,8.47171,106.7
            -82.54341,8.47167,106.2
            -82.54317,8.47165,106.3
            -82.5429,8.47165,106.6
            -82.54263,8.47167,106.8
            -82.542199,8.47177,107
            -82.54195,8.47183,106.9
            -82.54116,8.47207,105.6
            -82.540989,8.47212,105.4
            -82.5407,8.47218,105.9
            -82.54034,8.47222,107.2
            -82.54008,8.47222,108.1
            -82.53977,8.47218,108.4
            -82.53959,8.47214,108.4
            -82.53936,8.47208,108.4
            -82.539109,8.47198,108.1
            -82.538929,8.4719,107.6
            -82.53831,8.47161,106.3
            -82.53813,8.47153,106.5
            -82.53748,8.47122,105.4
            -82.53674,8.47089,104.2
            -82.536,8.47058,102.9
            -82.53522,8.47027,104
            -82.52873,8.46779,100.5
            -82.52732,8.46724,99.4
            -82.5269,8.46706,98.9
            -82.52639,8.46687,99.2
            -82.52528,8.46645,99.1
            -82.52484,8.4663,97.2
            -82.52404,8.46599,91.3
            -82.52356,8.46578,87.9
            -82.52314,8.46557,84.6
            -82.523,8.4655,83.8
            -82.52285,8.46542,82.9
            -82.52255,8.46522,80.9
            -82.52217,8.46498,80.5
            -82.52163,8.4646,81.7
            -82.52079,8.46401,81
            -82.52037,8.46371,80.7
            -82.51926,8.46291,80.1
            -82.518559,8.46242,79.7
            -82.51748,8.46166,79.2
            -82.51697,8.46128,82.7
            -82.51535,8.46013,83
            -82.514619,8.45964,81.9
            -82.51401,8.45925,83.5
            -82.51366,8.45904,83.6
            -82.51076,8.45755,80.4
            -82.51066,8.4575,80.8
            -82.509919,8.45715,82.3
            -82.50858,8.45647,85.3
            -82.50654,8.45548,83.2
            -82.50576,8.45511,83.7
            -82.50512,8.454789,80.3
            -82.5038,8.45414,78.7
            -82.50249,8.45351,74.2
            -82.50057,8.45255,75.4
            -82.50038,8.45246,76.1
            -82.49852,8.45149,78.3
            -82.49641,8.45048,75.8
            -82.49224,8.44843,57.3
            -82.488829,8.44674,48.8
            -82.48745,8.44607,45.9
            -82.487129,8.445919,45.4
            -82.48701,8.44586,45.1
            -82.48676,8.44574,44.8
            -82.48622,8.44548,44.4
            -82.48532,8.44502,43.4
            -82.48189,8.44331,44.9
            -82.47994,8.44234,50.9
            -82.478309,8.44154,51.2
            -82.47782,8.4413,52.3
            -82.47733,8.44106,53.4
            -82.47713,8.44097,53.6
            -82.47658,8.44069,54.8
            -82.47554,8.44018,56.1
            -82.47483,8.439819,55.5
            -82.47336,8.4391,46.7
            -82.47255,8.4387,40.4
            -82.47174,8.4383,38
            -82.47125,8.43806,38
            -82.470519,8.43769,38.4
            -82.47049,8.43768,38.4
            -82.46986,8.43736,38.5
            -82.468909,8.43688,38.2
            -82.46825,8.43656,38.7
            -82.467609,8.43626,38.4
            -82.46616,8.43554,37.6
            -82.46597,8.43544,37.6
            -82.46504,8.43496,37
            -82.463345,8.434125,36.8
            -82.46313,8.43402,36.5
            -82.46213,8.43353,34.9
            -82.46175,8.43335,34.9
            -82.46137,8.43315,35.1
            -82.46052,8.43272,34.8
            -82.4602,8.43257,34.9
            -82.45958,8.43227,34.9
            -82.4576,8.43129,35.6
            -82.45616,8.43058,32.9
            -82.45578,8.4304,33.1
            -82.45542,8.43021,34
            -82.45486,8.42993,34.3
            -82.45356,8.42928,28.3
            -82.45233,8.42868,24.5
            -82.45197,8.42851,23.5
            -82.4518,8.428419,24.2
            -82.45174,8.42839,24.4
            -82.45148,8.42825,25.6
            -82.45093,8.42798,27.9
            -82.4504,8.42773,29
            -82.45026,8.42766,29.1
            -82.4501,8.4276,29.1
            -82.44984,8.42751,29.6
            -82.44975,8.42749,30
            -82.44962,8.42745,30.7
            -82.4495,8.42743,31.3
            -82.44935,8.4274,32.1
            -82.449209,8.42738,32.8
            -82.44919,8.42738,32.9
            -82.44901,8.42736,33.5
            -82.44889,8.42735,33.7
            -82.44874,8.42735,34
            -82.44868,8.42735,34.1
            -82.44856,8.42736,34.3
            -82.44839,8.42737,34.5
            -82.44823,8.42739,34.7
            -82.44806,8.42742,34.9
            -82.44783,8.42747,35.3
            -82.44767,8.42751,35.6
            -82.44747,8.42759,35.9
            -82.44737,8.427619,36
            -82.447239,8.42767,36.2
            -82.44705,8.42775,36.5
            -82.4466,8.42794,37.1
            -82.44642,8.42802,37.2
            -82.44629,8.42808,37.2
            -82.44507,8.42863,38.5
            -82.44483,8.42877,39
            -82.44462,8.4289,39.7
            -82.44446,8.42902,40.4
            -82.44431,8.42912,41.2
            -82.44414,8.42926,41.7
            -82.44404,8.42935,41.4
            -82.443879,8.4295,41
            -82.4437,8.42969,40.5
            -82.44363,8.42977,40.4
            -82.443389,8.43008,39.9
            -82.44296,8.43063,39.8
            -82.4428,8.43083,40.3
            -82.4427,8.43097,40.4
            -82.44257,8.43115,40.5
            -82.44243,8.43135,40.4
            -82.44201,8.431889,40.7
            -82.44109,8.43309,42.8
            -82.44059,8.43374,43.1
            -82.44026,8.43417,43.7
            -82.43974,8.43485,45.2
            -82.43961,8.43501,45.9
            -82.4394,8.435269,47.2
            -82.43933,8.43538,47.5
            -82.43917,8.43558,48
            -82.43887,8.43596,48.3
            -82.43843,8.43654,49.7
            -82.4384,8.43659,49.8
            -82.43837,8.436629,49.9
            -82.43788,8.43727,49.1
            -82.43755,8.437709,49.3
            -82.43728,8.43806,50
            -82.43686,8.43859,51.5
            -82.43668,8.43881,52.7
            -82.43631,8.43923,52.6
            -82.43611,8.43945,51.8
            -82.43601,8.439539,51.4
            -82.435599,8.43991,51.2
            -82.43537,8.44012,51.8
            -82.43469,8.44073,52.6
            -82.43446,8.44094,52.4
            -82.43391,8.44144,53
            -82.433629,8.4417,53.7
            -82.43304,8.44224,55.2
            -82.4322,8.44298,57
            -82.4315,8.4436,56.5
            -82.43078,8.44426,57.2
            -82.43048,8.44453,58.5
            -82.430179,8.4448,59.9
            -82.42944,8.44546,62.2
            -82.42928,8.44559,62.8
            -82.42909,8.44575,63.5
            -82.42891,8.44588,63.7
            -82.428749,8.44598,63.8
            -82.42853,8.4461,64
            -82.42841,8.44615,64.1
            -82.428299,8.4462,64.3
            -82.42814,8.44627,64.7
            -82.42795,8.44632,64.9
            -82.42782,8.44636,65.1
            -82.427539,8.44643,65.4
            -82.42744,8.44645,65.4
            -82.42728,8.44649,65.4
            -82.42708,8.4465,65.2
            -82.427,8.44649,65.1
            -82.42683,8.4465,65
            -82.42658,8.44649,64.8
            -82.42647,8.44648,64.8
            -82.42638,8.44647,64.8
            -82.42614,8.44643,64.7
            -82.42588,8.44637,64.6
            -82.42521,8.44619,66
            -82.42487,8.446109,66.2
            -82.42429,8.44596,63.8
            -82.4235,8.44576,61.5
            -82.42326,8.44569,61.2
            -82.42278,8.44557,61.3
            -82.42216,8.4454,61.5
            -82.42205,8.44537,61.4
            -82.42198,8.44535,61.4
            -82.42147,8.44521,60.8
            -82.42077,8.44502,59.8
            -82.42059,8.44496,59.1
            -82.42048,8.44491,58.6
            -82.42029,8.44482,57.8
            -82.42014,8.44474,57.2
            -82.42001,8.44465,56.6
            -82.41987,8.44455,56
            -82.4197,8.4444,54.9
            -82.41968,8.44438,54.7
            -82.41955,8.44426,53.7
            -82.41954,8.44425,53.6
            -82.41943,8.44414,52.5
            -82.41915,8.44383,50.6
            -82.41882,8.44346,50.8
            -82.41868,8.4433,51.1
            -82.41834,8.4429,50.4
            -82.41774,8.442259,47.4
            -82.41688,8.44132,44.5
            -82.41652,8.44093,43.7
            -82.41644,8.44085,43.5
            -82.41622,8.44058,42.6
            -82.41566,8.43995,38.2
            -82.41501,8.43924,29.4
            -82.41479,8.439,27.4
            -82.41462,8.43883,26.1
            -82.41397,8.438129,22.8
            -82.41388,8.43803,22.6
            -82.41364,8.43777,22.3
            -82.4134,8.4375,22
            -82.41315,8.43723,23.7
            -82.41304,8.43711,24.3
            -82.412809,8.43685,25
            -82.41253,8.43653,25
            -82.41229,8.43626,25.4
            -82.412049,8.43598,25.6
            -82.41198,8.4359,25.7
            -82.41158,8.43544,25.2
            -82.4111,8.43489,24.9
            -82.41051,8.43425,26.7
            -82.40988,8.43355,29
            -82.40955,8.43316,33.6
            -82.40935,8.43293,35.8
            -82.40915,8.4327,37.8
            -82.409,8.43255,38.2
            -82.40882,8.43237,38.2
            -82.40866,8.43224,38.2
            -82.40856,8.43216,38.2
            -82.40839,8.43202,38.3
            -82.40822,8.43187,38.4
            -82.40809,8.43178,38.5
            -82.40783,8.431609,38.5
            -82.40762,8.43148,38.4
            -82.40738,8.43136,38.5
            -82.40702,8.43117,39.2
            -82.40686,8.43109,39.7
            -82.4066,8.43098,40.6
            -82.40622,8.430859,40.9
            -82.40611,8.43084,41
            -82.40594,8.4308,40.8
            -82.405779,8.43077,40.5
            -82.40576,8.43077,40.5
            -82.40549,8.43073,39.5
            -82.40458,8.43057,37.3
            -82.40436,8.430529,37
            -82.40372,8.43041,37.3
            -82.40283,8.43023,38.2
            -82.40249,8.43017,38.6
            -82.40231,8.43014,38.8
            -82.40207,8.4301,39
            -82.40112,8.42991,41.3
            -82.40047,8.4298,44.3
            -82.40019,8.42975,45.9
            -82.399959,8.4297,47.3
            -82.39964,8.42963,49.6
            -82.39944,8.4296,51
            -82.3991,8.42954,52.9
            -82.39796,8.42934,57
            -82.39711,8.42916,59.5
            -82.39674,8.42909,59.9
            -82.39559,8.42889,62.8
            -82.39451,8.42868,64.7
            -82.39385,8.42857,66.1
            -82.39348,8.4285,66.3
            -82.3934,8.42849,66.3
            -82.39276,8.42835,66.7
            -82.39256,8.42832,66.9
            -82.39233,8.42827,66.6
            -82.39207,8.42822,66
            -82.391769,8.42818,65.4
            -82.39157,8.42815,64.9
            -82.391229,8.428089,63.9
            -82.39075,8.42799,62.2
            -82.39045,8.42793,60
            -82.39032,8.42791,59.1
            -82.389799,8.42782,56.5
            -82.38936,8.42774,55.9
            -82.38898,8.42766,56.5
            -82.388572,8.427583,57.7
            -82.38776,8.42743,62.6
            -82.38746,8.42737,64.4
            -82.38697,8.42728,65.1
            -82.38537,8.42698,67.1
            -82.38497,8.42693,67.3
            -82.38475,8.42689,67.1
            -82.38449,8.426869,66.9
            -82.38411,8.42685,66.7
            -82.38366,8.42686,66.2
            -82.38339,8.4269,65.8
            -82.38294,8.42695,64.4
            -82.38267,8.427,63.5
            -82.38239,8.42705,62.7
            -82.38223,8.42709,62.3
            -82.38094,8.42738,60.2
            -82.38055,8.42747,60.4
            -82.37935,8.42771,59
            -82.37828,8.42792,56.1
            -82.37756,8.42806,56.5
            -82.37703,8.42816,56.1
            -82.37645,8.42828,54.8
            -82.37608,8.42836,52.6
            -82.37578,8.428419,51.2
            -82.37558,8.42845,50.6
            -82.37536,8.42848,49.9
            -82.37523,8.42849,49.4
            -82.3751,8.42849,48.9
            -82.37496,8.42849,48.6
            -82.37484,8.42849,48.6
            -82.37467,8.42848,48.6
            -82.37451,8.42846,48.7
            -82.37436,8.42844,48.8
            -82.37414,8.4284,49
            -82.37399,8.42836,49.4
            -82.37379,8.4283,49.8
            -82.37361,8.42824,50.1
            -82.37343,8.42818,50.3
            -82.37327,8.42812,50.3
            -82.37289,8.42794,49.9
            -82.37259,8.4278,49.4
            -82.37242,8.42773,49
            -82.37152,8.42728,48.8
            -82.37075,8.4269,49.4
            -82.37042,8.42676,48.5
            -82.3698,8.4265,46.3
            -82.36946,8.42634,45.7
            -82.36761,8.42546,45.1
            -82.36605,8.42474,45
            -82.3656,8.42451,45.4
            -82.36542,8.42442,45.3
            -82.365219,8.42432,45.2
            -82.36503,8.42422,45.1
            -82.3649,8.42414,44.9
            -82.36469,8.424,45
            -82.3645,8.42387,45.1
            -82.36394,8.42347,45
            -82.36314,8.42292,42
            -82.362129,8.42223,38.5
            -82.36136,8.421709,35.8
            -82.36048,8.42111,31.4
            -82.35888,8.420019,26.8
            -82.357919,8.41936,19.1
            -82.35651,8.41835,18.8
            -82.35578,8.41788,14.5
            -82.3552,8.41748,14.2
            -82.35325,8.41614,14
            -82.35309,8.416029,13.6
            -82.35295,8.41595,13.3
            -82.35282,8.41586,13.1
            -82.35269,8.41576,13.2
            -82.35259,8.41568,13.4
            -82.35249,8.41559,13.6
            -82.352369,8.41546,15
            -82.35224,8.4153,17.1
            -82.35213,8.41515,19.5
            -82.35192,8.414859,23.6
            -82.35142,8.41417,23
            -82.35123,8.413919,22.7
            -82.350219,8.41249,19
            -82.34988,8.412,20
            -82.349279,8.41116,18.2
            -82.3491,8.41093,17.7
            -82.34877,8.4105,17
            -82.34866,8.41036,16.7
            -82.34856,8.41021,16.5
            -82.34853,8.41017,16.4
            -82.34845,8.41006,16.2
            -82.348339,8.4099,16
            -82.34818,8.40964,15.5
            -82.34806,8.40946,15.2
            -82.347849,8.40915,14.7
            -82.347669,8.40887,14.3
            -82.34732,8.40833,15
            -82.347,8.40786,14.8
            -82.34681,8.4076,14.8
            -82.3467,8.40745,15
            -82.34663,8.40734,15
            -82.34621,8.40672,15.5
            -82.34607,8.40653,15.4
            -82.34596,8.40637,15.2
            -82.34587,8.40626,15
            -82.34582,8.40619,14.8
            -82.34574,8.4061,14.6
            -82.345609,8.40595,14.2
            -82.34545,8.40578,14
            -82.3453,8.40562,14
            -82.34515,8.40547,14
            -82.34499,8.40532,14
            -82.34484,8.4052,14
            -82.344669,8.40508,14
            -82.34452,8.40498,14
            -82.34438,8.40488,14
            -82.34408,8.40472,14
            -82.34368,8.40452,13.7
            -82.34324,8.40433,13.4
            -82.34259,8.40404,14.8
            -82.34188,8.40373,14.3
            -82.34093,8.40333,15
            -82.34051,8.40315,14.3
            -82.339519,8.40274,13.7
            -82.33855,8.402329,14.2
            -82.337549,8.40187,15
            -82.33641,8.401389,14.9
            -82.33599,8.40123,15
            -82.33546,8.40099,16.1
            -82.33492,8.40075,16.9
            -82.33392,8.40033,16
            -82.33328,8.40006,17.1
            -82.33185,8.39947,24.1
            -82.33037,8.39883,30.8
            -82.33019,8.39876,31.7
            -82.32996,8.39866,32.7
            -82.32949,8.39844,33.5
            -82.32919,8.39833,34
            -82.32888,8.39821,34.4
            -82.3287,8.39815,34.7
            -82.32857,8.3981,34.8
            -82.32835,8.39805,35
            -82.32817,8.39801,35.3
            -82.32793,8.39797,36
            -82.32753,8.39791,37.4
            -82.32717,8.39789,38.9
            -82.32697,8.39788,39.8
            -82.326759,8.39787,40.7
            -82.32655,8.39788,41
            -82.3264,8.3979,40.9
            -82.32626,8.39791,40.8
            -82.32593,8.39796,40.5
            -82.32517,8.398059,41.9
            -82.324789,8.39812,43.1
            -82.32383,8.39824,44.2
            -82.32302,8.39836,41.7
            -82.32248,8.39843,39.6
            -82.32193,8.3985,40
            -82.32083,8.39865,42.9
            -82.32062,8.39868,42.9
            -82.31994,8.39878,42.7
            -82.31982,8.3988,42.2
            -82.31949,8.39883,41.1
            -82.31917,8.39888,40
            -82.31883,8.398949,38.6
            -82.3186,8.39901,37.7
            -82.31843,8.39906,37.2
            -82.31834,8.39909,36.9
            -82.31825,8.39911,36.6
            -82.31818,8.399139,36.4
            -82.31804,8.39919,36
            -82.31782,8.39929,35.4
            -82.31771,8.39934,35
            -82.31763,8.39938,34.8
            -82.31743,8.39949,34
            -82.31706,8.39971,32.2
            -82.31681,8.39987,30.8
            -82.31647,8.40011,30.2
            -82.31638,8.40018,30.2
            -82.31386,8.40195,33.5
            -82.31358,8.40216,34.3
            -82.31313,8.4025,36
            -82.312479,8.402939,39.5
            -82.31177,8.40345,39.2
            -82.31104,8.40398,37.8
            -82.31071,8.40422,38.4
            -82.31028,8.4045,40.5
            -82.31005,8.40465,41.8
            -82.30986,8.40476,42.8
            -82.309659,8.40486,43.4
            -82.30956,8.404909,43.7
            -82.30944,8.40496,43.9
            -82.30926,8.40503,43.9
            -82.30906,8.40509,43.9
            -82.30886,8.40515,44.1
            -82.30867,8.4052,44.3
            -82.3085,8.40523,44.5
            -82.30833,8.40526,44.7
            -82.30799,8.40528,44
            -82.30777,8.40528,43.5
            -82.30755,8.40528,43.1
            -82.30731,8.40527,41.6
            -82.30716,8.40525,40.5
            -82.30653,8.40518,37
            -82.3056,8.40503,40.4
            -82.30513,8.40495,43.1
            -82.30507,8.40494,43.5
            -82.30489,8.404909,43.8
            -82.3045,8.40486,43.2
            -82.30414,8.40482,42.5
            -82.30386,8.40478,40
            -82.30347,8.40473,36.3
            -82.30296,8.40466,34.5
            -82.30252,8.4046,34.1
            -82.30191,8.4045,38.6
            -82.30136,8.40441,39.2
            -82.30047,8.404299,35.3
            -82.29968,8.40418,30.9
            -82.298869,8.40406,27.7
            -82.29796,8.40393,25.9
            -82.29794,8.40392,25.9
            -82.297,8.40377,24.6
            -82.29622,8.40368,23.5
            -82.2928,8.40318,19
            -82.29064,8.40287,21.2
            -82.28961,8.40273,24.2
            -82.28898,8.40265,25.4
            -82.28877,8.40264,26.3
            -82.28846,8.40263,27.5
            -82.28815,8.40264,27.6
            -82.28777,8.40267,26.9
            -82.28713,8.40272,26.6
            -82.28547,8.40283,27.8
            -82.2853,8.40285,27.5
            -82.2846,8.40291,26.5
            -82.28408,8.40296,26
            -82.28325,8.40301,26.2
            -82.28267,8.40305,27.6
            -82.28259,8.40305,27.8
            -82.28194,8.4031,29.5
            -82.281809,8.40311,29.8
            -82.281229,8.40316,31.9
            -82.28088,8.40318,33
            -82.28074,8.40319,34.3
            -82.28056,8.40319,36.6
            -82.2803,8.40317,39.7
            -82.28,8.40312,43.2
            -82.27977,8.40309,44.4
            -82.27968,8.40307,44.8
            -82.279439,8.40302,46.1
            -82.27928,8.40298,46.9
            -82.27914,8.402939,47.5
            -82.27893,8.40287,47.3
            -82.27872,8.402799,47.2
            -82.27855,8.40273,47.1
            -82.27843,8.40267,47
            -82.27808,8.40251,44.3
            -82.277379,8.402189,37
            -82.27723,8.40212,36.8
            -82.27695,8.40198,37.2
            -82.27658,8.40181,38.4
            -82.27606,8.40156,36.5
            -82.27543,8.40126,32.6
            -82.2749,8.40101,31.4
            -82.27445,8.4008,33.5
            -82.27396,8.40056,35.5
            -82.27318,8.40019,40.2
            -82.27277,8.40001,42.8
            -82.27215,8.39971,49
            -82.27194,8.39962,51.5
            -82.27173,8.39954,53.8
            -82.27155,8.39948,55.6
            -82.2714,8.39946,57.4
            -82.27124,8.39943,59
            -82.27109,8.399419,60.9
            -82.27098,8.399419,62.4
            -82.27085,8.39943,64.4
            -82.27072,8.39945,64.6
            -82.27057,8.39949,65
            -82.27013,8.39962,67.7
            -82.26995,8.39966,69.2
            -82.26979,8.3997,71.6
            -82.26963,8.39973,73.4
            -82.26944,8.39976,75.1
            -82.26933,8.39977,75.8
            -82.26911,8.39978,77.4
            -82.26883,8.39978,80.5
            -82.26862,8.39978,82.9
            -82.26861,8.39978,83
            -82.26821,8.39977,87.1
            -82.26794,8.39977,89.4
            -82.2677,8.39978,91.7
            -82.26766,8.39978,92
            -82.26752,8.39979,93.3
            -82.267439,8.39979,93.8
            -82.26723,8.39981,95
            -82.26704,8.39984,96
            -82.2668,8.39988,97.3
            -82.2668,8.399889,97.3
            -82.266589,8.39991,97.7
            -82.26643,8.39993,97.3
            -82.26616,8.39995,96.6
            -82.26602,8.39995,96.2
            -82.26589,8.39995,95.9
            -82.265739,8.39994,95
            -82.26553,8.39991,93.4
            -82.26536,8.39988,92.1
            -82.26518,8.39982,90.6
            -82.265,8.39977,89.2
            -82.26478,8.3997,87.5
            -82.26436,8.39954,84.1
            -82.26412,8.39944,82
            -82.26349,8.3992,78.5
            -82.26309,8.39905,75.9
            -82.26268,8.39888,73.3
            -82.26221,8.3987,70.3
            -82.26182,8.39855,67.2
            -82.26161,8.39848,65.2
            -82.26143,8.39843,62.8
            -82.26118,8.39838,59.5
            -82.26102,8.39835,57.4
            -82.26076,8.39833,54.6
            -82.260679,8.39833,54.2
            -82.26052,8.39832,53.4
            -82.2604,8.39833,52.9
            -82.260319,8.398339,52.5
            -82.26026,8.398339,52.3
            -82.26012,8.39836,51.6
            -82.25997,8.398389,51.1
            -82.25976,8.39844,51.1
            -82.25949,8.39851,51.2
            -82.25943,8.398529,51.3
            -82.25909,8.39863,51.4
            -82.25881,8.39872,50.5
            -82.258518,8.398833,49.1
            -82.25811,8.39899,47.5
            -82.25717,8.39935,44.4
            -82.25686,8.39946,44.2
            -82.2566,8.39954,43.9
            -82.25643,8.39958,43.8
            -82.25628,8.39963,43.7
            -82.25603,8.39968,44
            -82.25573,8.399749,43.6
            -82.25551,8.39979,42.2
            -82.25537,8.39981,41.3
            -82.25525,8.39983,40.6
            -82.255039,8.39984,39.2
            -82.25476,8.39984,38.8
            -82.25449,8.39983,38.6
            -82.25427,8.39982,38.4
            -82.25357,8.39977,39.1
            -82.25328,8.39976,39.2
            -82.25314,8.399749,38.7
            -82.252979,8.39976,38.2
            -82.25288,8.39977,37.8
            -82.25277,8.39978,37.4
            -82.25263,8.3998,37
            -82.251,8.40012,37.7
            -82.25001,8.40032,38.4
            -82.24914,8.40053,41.9
            -82.24867,8.40062,44.6
            -82.2479,8.4008,44.9
            -82.24672,8.40104,44.3
            -82.245679,8.401249,38.5
            -82.24458,8.4015,36.4
            -82.24387,8.40165,35
            -82.24316,8.4018,36.2
            -82.24251,8.40194,37.4
            -82.24109,8.40223,40
            -82.24052,8.40234,41.7
            -82.24015,8.40242,42.9
            -82.24001,8.40246,43.3
            -82.23985,8.40251,43.9
            -82.23959,8.402609,45.7
            -82.23935,8.40273,47.3
            -82.23918,8.40283,48.3
            -82.23896,8.40302,48.9
            -82.23881,8.40315,49.2
            -82.23865,8.40332,49.6
            -82.23838,8.403689,50.7
            -82.238,8.40423,56.2
            -82.23797,8.40427,56.5
            -82.23787,8.40442,57.3
            -82.23752,8.40495,59.9
            -82.23729,8.40529,60
            -82.23716,8.40546,59.5
            -82.23708,8.40556,59
            -82.236949,8.40572,57.8
            -82.23685,8.40582,57.1
            -82.23677,8.40588,57.1
            -82.23662,8.406,56.8
            -82.23635,8.40621,56
            -82.23617,8.40634,55.5
            -82.23598,8.406459,55.2
            -82.23583,8.40654,55.1
            -82.23559,8.40665,55
            -82.23531,8.406739,56.3
            -82.2352,8.40678,56.8
            -82.23506,8.40681,57.6
            -82.23481,8.40687,59.8
            -82.23457,8.40691,62.2
            -82.23432,8.406929,64.8
            -82.23406,8.406929,67.7
            -82.23375,8.4069,71.3
            -82.23322,8.40683,75.8
            -82.23298,8.40679,75.5
            -82.23275,8.40673,75.3
            -82.23233,8.40661,74.5
            -82.23181,8.40643,73
            -82.23123,8.40624,75.1
            -82.22894,8.40551,84.3
            -82.22803,8.40521,85.2
            -82.22613,8.4046,83.2
            -82.22499,8.40423,85.6
            -82.22481,8.40418,86
            -82.22291,8.40356,93.2
            -82.22244,8.4034,95.6
            -82.2215,8.40311,82.2
            -82.218909,8.40227,55.8
            -82.21787,8.40194,51.5
            -82.21468,8.4009,23.8
            -82.21432,8.40077,22.4
            -82.21353,8.400499,22.1
            -82.21348,8.40049,22
            -82.21319,8.40039,21.9
            -82.21297,8.40031,21.9
            -82.21274,8.40021,21.4
            -82.21262,8.40014,20.9
            -82.21251,8.40008,20.3
            -82.21229,8.39993,18.1
            -82.21211,8.39978,16.1
            -82.21193,8.3996,14.3
            -82.211879,8.399559,13.9
            -82.21157,8.39924,12.2
            -82.21117,8.39883,10.7
            -82.21101,8.39866,9.8
            -82.21092,8.39857,9.3
            -82.2105,8.39812,9.5
            -82.20958,8.39719,14.1
            -82.20904,8.39663,12.5
            -82.20788,8.39544,8.8
            -82.20763,8.39519,9
            -82.20726,8.39479,9.1
            -82.20698,8.39446,8.4
            -82.206729,8.394119,7
            -82.20659,8.393929,7.2
            -82.20638,8.39362,7.7
            -82.2063,8.39348,7.9
            -82.20616,8.39327,8.2
            -82.20595,8.39288,8.3
            -82.20593,8.39286,8.3
            -82.20567,8.39237,8.6
            -82.20542,8.39191,10.2
            -82.20504,8.39125,13.7
            -82.20457,8.39038,13.3
            -82.20436,8.389989,12.6
            -82.20402,8.38934,10.6
            -82.20359,8.38857,10.4
            -82.203149,8.38775,14.1
            -82.20292,8.38733,17.3
            -82.20257,8.38671,21.6
            -82.20234,8.38634,21.8
            -82.20216,8.3861,22.1
            -82.20201,8.385949,22.7
            -82.20187,8.38582,23.2
            -82.20171,8.3857,23.1
            -82.20158,8.3856,23.2
            -82.20146,8.385529,23.6
            -82.20129,8.385429,24
            -82.20113,8.38535,24.4
            -82.20092,8.38526,24.9
            -82.20071,8.38519,25.2
            -82.20061,8.385149,25.2
            -82.20014,8.384959,26.8
            -82.1997,8.384779,29.1
            -82.19943,8.38467,29.5
            -82.199389,8.38466,29.6
            -82.19902,8.38452,27.9
            -82.19864,8.38439,24.1
            -82.19841,8.3843,21.7
            -82.1981,8.38418,21.8
            -82.19748,8.383929,24.8
            -82.19709,8.38377,27.5
            -82.19668,8.38362,28.1
            -82.19627,8.383459,23.5
            -82.1959,8.3833,19
            -82.19574,8.38322,18.2
            -82.19561,8.38315,17.8
            -82.19537,8.382999,16.9
            -82.19505,8.38278,16
            -82.19464,8.38247,15.3
            -82.19443,8.3823,15.2
            -82.1932,8.38133,13.6
            -82.19283,8.381019,12.6
            -82.19262,8.38086,12
            -82.19233,8.380649,11.3
            -82.19211,8.38047,11.1
            -82.19161,8.380079,12.5
            -82.19094,8.379569,14.6
            -82.19052,8.37923,14.8
            -82.190119,8.37892,17.1
            -82.18983,8.3787,16.8
            -82.18962,8.37853,15.7
            -82.18941,8.378349,14.6
            -82.18921,8.378209,13.5
            -82.18898,8.37804,12.8
            -82.18876,8.3779,13
            -82.18859,8.37781,13.4
            -82.18841,8.37773,14.1
            -82.18825,8.37768,14.9
            -82.188239,8.37768,15
            -82.18809,8.37763,15.8
            -82.18791,8.377599,16.7
            -82.18772,8.37759,17.6
            -82.18744,8.37758,19
            -82.18706,8.37757,21.2
            -82.186539,8.37756,24.2
            -82.1859,8.37757,27.6
            -82.18553,8.37756,30
            -82.1854,8.37756,30.8
            -82.18443,8.377549,34.9
            -82.18433,8.377549,35.2
            -82.18368,8.37754,34.8
            -82.18309,8.37753,32.3
            -82.18306,8.37753,32.1
            -82.18272,8.377509,29.6
            -82.182599,8.377499,28.7
            -82.18245,8.37747,27.4
            -82.18232,8.37744,26.3
            -82.18223,8.377409,25.6
            -82.18211,8.377359,24.6
            -82.18197,8.37729,23.5
            -82.18189,8.37724,22.9
            -82.18178,8.37717,22.2
            -82.18171,8.37711,21.7
            -82.18161,8.377029,21.5
            -82.181479,8.376889,21.3
            -82.18137,8.37676,21.2
            -82.18117,8.37646,21.4
            -82.18055,8.3755,18.8
            -82.17975,8.37426,12.5
            -82.17957,8.37398,12.3
            -82.17938,8.37367,12.7
            -82.1787,8.37261,14.5
            -82.1778,8.37121,11.7
            -82.17759,8.370889,10.9
            -82.17735,8.37054,9.8
            -82.17712,8.37026,9.7
            -82.17694,8.37006,10.4
            -82.17684,8.36996,11.3
            -82.1767,8.36983,12.9
            -82.17645,8.36961,15.3
            -82.17615,8.36937,17.2
            -82.17585,8.369149,18.2
            -82.175479,8.368869,20.3
            -82.17464,8.36824,16.5
            -82.17358,8.36747,19.6
            -82.17341,8.367319,20.1
            -82.17319,8.36716,20.8
            -82.17297,8.36701,20
            -82.17269,8.36686,18.9
            -82.17244,8.36675,17.8
            -82.17209,8.366619,15.5
            -82.17176,8.36651,13.6
            -82.171449,8.3664,13.6
            -82.170869,8.36619,15.2
            -82.17057,8.36609,16.7
            -82.17019,8.36594,19.3
            -82.16912,8.36555,19.8
            -82.168629,8.36538,17.9
            -82.16857,8.36536,17.6
            -82.16803,8.36517,17.7
            -82.16777,8.365069,19.2
            -82.16752,8.36497,21.2
            -82.16736,8.3649,22.9
            -82.16719,8.36483,24.6
            -82.16704,8.36476,26
            -82.1669,8.364689,27.2
            -82.166659,8.36457,29.1
            -82.1663,8.3644,30.8
            -82.16623,8.36436,31.1
            -82.16582,8.36416,33
            -82.16548,8.363989,33.1
            -82.16501,8.363759,33
            -82.16474,8.36363,32.6
            -82.1645,8.363519,32.2
            -82.164109,8.363379,32
            -82.16307,8.363,36
            -82.162899,8.36294,36.5
            -82.16225,8.36271,38.7
            -82.16206,8.36264,39.2
            -82.161689,8.36251,40
            -82.16154,8.36246,39.3
            -82.16133,8.36239,38.2
            -82.161,8.362299,36.7
            -82.16051,8.36213,36.4
            -82.15987,8.36194,37.6
            -82.15928,8.36173,40.7
            -82.15854,8.36149,42.8
            -82.15797,8.3613,41.1
            -82.15756,8.36116,39
            -82.15731,8.36107,38
            -82.15499,8.360279,38.7
            -82.1547,8.36018,38.9
            -82.15464,8.36016,38.9
            -82.15412,8.35999,38.6
            -82.15395,8.35993,36.6
            -82.15275,8.35954,26.4
            -82.15176,8.359199,19.6
            -82.1513,8.35904,18.3
            -82.15112,8.35899,17.8
            -82.15026,8.3587,16.8
            -82.14992,8.35858,16.8
            -82.14957,8.35847,16
            -82.14905,8.358309,16.2
            -82.14864,8.35818,20
            -82.148349,8.35811,22.5
            -82.14804,8.35804,24.3
            -82.14773,8.357979,25.8
            -82.14729,8.357889,24.7
            -82.14711,8.35786,23.2
            -82.14663,8.35778,20.1
            -82.14641,8.35772,20.4
            -82.1464,8.35772,20.4
            -82.146289,8.35768,20.7
            -82.14616,8.35764,21.1
            -82.14591,8.35754,22.4
            -82.14577,8.35746,22.2
            -82.1456,8.357369,20.4
            -82.14536,8.3572,17.7
            -82.14528,8.35713,16.8
            -82.14486,8.35678,13.5
            -82.1446,8.35655,13.4
            -82.144499,8.356479,13.5
            -82.1444,8.3564,13.6
            -82.14426,8.35632,13.6
            -82.144139,8.356249,13.5
            -82.14399,8.356199,13.6
            -82.1438,8.356149,13.7
            -82.14368,8.35613,13.8
            -82.14357,8.356109,13.9
            -82.14343,8.3561,14
            -82.14331,8.356109,14
            -82.14314,8.35612,13.6
            -82.14294,8.356149,13.2
            -82.14267,8.35619,12.7
            -82.14255,8.35621,12.5
            -82.14252,8.35621,12.5
            -82.14234,8.35623,12.4
            -82.14223,8.35623,12.3
            -82.14209,8.35622,12.1
            -82.14193,8.356199,11.9
            -82.141769,8.356159,11.5
            -82.14164,8.35612,11
            -82.14149,8.35607,10.1
            -82.14129,8.35598,8.9
            -82.14106,8.35586,8.8
            -82.1404,8.355539,8.6
            -82.1392,8.354979,8.3
            -82.13876,8.35476,8.2
            -82.13858,8.35467,9
            -82.13836,8.354559,10
            -82.13808,8.354469,12.3
            -82.13779,8.35438,14.9
            -82.137559,8.35436,16.8
            -82.13735,8.35435,19.8
            -82.1371,8.35435,23.9
            -82.13705,8.35435,24.7
            -82.13673,8.354369,29.6
            -82.13645,8.35439,32.8
            -82.13618,8.3544,35.8
            -82.13598,8.35441,37.9
            -82.13583,8.3544,39.8
            -82.13574,8.35439,40.7
            -82.13561,8.354369,41.8
            -82.13548,8.35434,43
            -82.13535,8.3543,43.9
            -82.13517,8.354229,44.8
            -82.13513,8.35421,44.9
            -82.13506,8.354179,45
            -82.13493,8.35411,44.7
            -82.134829,8.35405,44
            -82.13467,8.35393,42.6
            -82.13466,8.35393,42.5
            -82.13446,8.35374,40.2
            -82.13428,8.3535,37.4
            -82.13399,8.35309,36.3
            -82.13379,8.35281,36
            -82.13338,8.35219,32.7
            -82.13328,8.35204,32.3
            -82.13307,8.351749,31.7
            -82.13287,8.35145,30.3
            -82.13257,8.351,28.7
            -82.13215,8.35041,25.5
            -82.13193,8.350059,22.3
            -82.131649,8.34966,19.2
            -82.13155,8.34951,18.1
            -82.13135,8.349209,16.8
            -82.13105,8.34876,16.4
            -82.13084,8.348459,15.6
            -82.13014,8.34741,13.5
            -82.130039,8.34726,13.6
            -82.12984,8.346959,14.4
            -82.12943,8.34637,16.4
            -82.128919,8.34562,17.2
            -82.12869,8.34528,18.1
            -82.12852,8.34502,19.4
            -82.12842,8.34487,20.1
            -82.128069,8.34435,20.3
            -82.12775,8.3439,17.3
            -82.12774,8.34387,17.1
            -82.12759,8.343669,15.1
            -82.12731,8.34331,11.7
            -82.12698,8.34282,10.1
            -82.12678,8.34253,9.8
            -82.12526,8.34029,17.8
            -82.12316,8.33718,42.2
            -82.12302,8.336959,43.3
            -82.12219,8.335739,43.9
            -82.12209,8.335599,43.6
            -82.12201,8.33547,43.2
            -82.12191,8.335279,42.6
            -82.12183,8.33514,42
            -82.12175,8.33496,41.4
            -82.12169,8.33486,41.6
            -82.121309,8.33425,41.8
            -82.12092,8.33366,41.2
            -82.12047,8.33299,44.7
            -82.12007,8.33239,48.9
            -82.11988,8.33211,48
            -82.11885,8.33061,42.1
            -82.11827,8.329739,46.7
            -82.118039,8.329409,46
            -82.11763,8.328799,44.6
            -82.11707,8.32797,44.4
            -82.11637,8.32695,48.3
            -82.11571,8.32597,46.5
            -82.115399,8.325509,43.3
            -82.114859,8.32473,41.4
            -82.11411,8.32361,39.2
            -82.11336,8.32252,34.1
            -82.11282,8.32168,36.1
            -82.11246,8.321149,35.6
            -82.11165,8.32,35
            -82.11091,8.318949,33.2
            -82.11042,8.318239,31.3
            -82.10996,8.31756,29.1
            -82.10928,8.31657,29.4
            -82.10901,8.31617,29.9
            -82.108459,8.31536,29.5
            -82.108008,8.314692,31.5
            -82.10798,8.31465,31.7
            -82.10737,8.31375,33.8
            -82.10689,8.313029,34.2
            -82.10653,8.312519,35
            -82.10634,8.31225,34.8
            -82.10586,8.31168,35
            -82.10529,8.31099,35
            -82.10477,8.310359,35.8
            -82.10466,8.31024,35.9
            -82.1043,8.30982,36.4
            -82.10344,8.308759,37.9
            -82.10223,8.30728,36.6
            -82.102099,8.30711,36.3
            -82.1016,8.3065,35.8
            -82.1011,8.30591,36.9
            -82.10078,8.30551,37.3
            -82.10054,8.30521,36.1
            -82.0995,8.30395,35.4
            -82.09824,8.30241,35.7
            -82.09792,8.302009,34.8
            -82.09752,8.30152,34.4
            -82.09705,8.30091,30.7
            -82.09663,8.300369,30.3
            -82.09615,8.299759,26.9
            -82.09585,8.29937,24.1
            -82.09554,8.29899,23.6
            -82.09532,8.298719,23.3
            -82.09474,8.29798,22
            -82.09427,8.29744,21.9
            -82.09339,8.29634,20.9
            -82.09245,8.29521,20
            -82.0922,8.29491,19.9
            -82.09117,8.29363,19.9
            -82.09074,8.293139,20.7
            -82.08996,8.29218,20
            -82.08929,8.29138,19.3
            -82.08881,8.29074,18.6
            -82.08833,8.290179,18
            -82.08802,8.289809,17.5
            -82.0875,8.28916,17
            -82.08632,8.287739,17.5
            -82.08584,8.287129,15.7
            -82.08552,8.28679,14.7
            -82.085179,8.28647,15.4
            -82.08465,8.28603,17.6
            -82.08423,8.28574,18
            -82.08389,8.28552,17.2
            -82.08373,8.28542,16.7
            -82.08334,8.28518,15.2
            -82.08295,8.28499,15.9
            -82.08261,8.28485,16.2
            -82.08227,8.28472,16.5
            -82.08193,8.28459,16.9
            -82.08162,8.28448,17.1
            -82.08089,8.28424,17.6
            -82.08073,8.28419,18.9
            -82.07978,8.28387,31
            -82.07885,8.28356,39
            -82.07849,8.28346,40.9
            -82.07808,8.283379,42
            -82.07774,8.28334,42.2
            -82.07752,8.28334,41.9
            -82.07715,8.28336,43.3
            -82.07683,8.2834,44.2
            -82.07664,8.283429,44.7
            -82.076269,8.28351,45.5
            -82.07561,8.28363,47.8
            -82.07523,8.28368,48.9
            -82.07494,8.283709,49.6
            -82.07456,8.28372,50.4
            -82.074209,8.2837,51.4
            -82.07387,8.283659,51.4
            -82.07238,8.28335,48.6
            -82.0719,8.283239,49
            -82.07119,8.28309,49.9
            -82.06971,8.28276,55.5
            -82.069239,8.28266,57.7
            -82.06746,8.28227,65.6
            -82.06729,8.28223,65.6
            -82.06685,8.28214,66.2
            -82.06554,8.28187,60.4
            -82.06438,8.281599,59.8
            -82.0643,8.28158,59.4
            -82.06332,8.28137,52.9
            -82.06296,8.2813,48.4
            -82.06141,8.28096,37.2
            -82.0603,8.28072,27.1
            -82.05976,8.2806,20.7
            -82.05941,8.28051,17.7
            -82.05923,8.280469,16.1
            -82.059,8.28039,14.6
            -82.05877,8.28031,13.4
            -82.05859,8.28023,12.6
            -82.05838,8.28012,11.9
            -82.05808,8.279949,10.9
            -82.05805,8.27993,10.7
            -82.05766,8.279669,9
            -82.05728,8.2794,8.9
            -82.05668,8.27898,10.3
            -82.056389,8.278779,9.3
            -82.05609,8.27857,8.5
            -82.05599,8.27851,8.3
            -82.05592,8.27847,8.2
            -82.05579,8.27842,8.3
            -82.05548,8.278309,9.3
            -82.05533,8.278259,9.9
            -82.05504,8.2782,11
            -82.05477,8.278169,11.2
            -82.05462,8.278169,11.3
            -82.05443,8.278169,11.3
            -82.05418,8.27818,11.4
            -82.05395,8.278219,10.5
            -82.05362,8.278309,9.1
            -82.05318,8.27847,8.7
            -82.05305,8.27851,9.4
            -82.05249,8.27872,12
            -82.05215,8.27885,11.8
            -82.0517,8.27903,10.7
            -82.0512,8.27923,11.2
            -82.05067,8.27943,11.9
            -82.05017,8.27962,12.4
            -82.0494,8.279909,13.4
            -82.04886,8.28011,13.3
            -82.04841,8.280239,14.3
            -82.04791,8.28035,15.6
            -82.04762,8.2804,16.3
            -82.04756,8.2804,16.3
            -82.04735,8.28043,16.1
            -82.04675,8.28049,14.8
            -82.04631,8.28049,13.7
            -82.04611,8.28049,13.3
            -82.04594,8.28048,12.8
            -82.04512,8.28041,11.1
            -82.04431,8.28032,10.5
            -82.04342,8.28023,8.1
            -82.04279,8.28017,7.6
            -82.04213,8.280099,8.2
            -82.04155,8.28004,9
            -82.0406,8.27994,9
            -82.03965,8.27983,11.3
            -82.03769,8.279629,9
            -82.03739,8.2796,8.9
            -82.03657,8.27951,10
            -82.03567,8.27943,8.7
            -82.03511,8.2794,10
            -82.03467,8.2794,10
            -82.03422,8.27941,9.7
            -82.03363,8.27946,7.5
            -82.03348,8.279479,6.9
            -82.033,8.27954,6.1
            -82.0324,8.27965,6.1
            -82.03203,8.279719,5.2
            -82.03154,8.27985,3.9
            -82.03086,8.28003,5.9
            -82.030379,8.28018,6
            -82.0299,8.280379,5.9
            -82.02956,8.28053,5.8
            -82.02914,8.28072,5.9
            -82.02873,8.28091,6.4
            -82.02811,8.28125,7.2
            -82.02766,8.28154,7.2
            -82.0274,8.28172,6.8
            -82.0267,8.28223,6.4
            -82.02607,8.282679,7.9
            -82.02528,8.28325,11.2
            -82.02445,8.283849,15.3
            -82.02421,8.28402,16.2
            -82.02388,8.284269,15.6
            -82.02325,8.28476,10.4
            -82.02269,8.28518,11.4
            -82.02215,8.285579,14.2
            -82.02175,8.28585,17
            -82.021469,8.28607,15.7
            -82.02081,8.286569,9
            -82.02001,8.28717,6.3
            -82.019319,8.28766,7.9
            -82.01886,8.28801,6.3
            -82.01837,8.28838,4.1
            -82.01818,8.28852,3.5
            -82.01763,8.28893,2.7
            -82.01604,8.2901,6.4
            -82.01576,8.29031,7
            -82.01458,8.291169,9
            -82.01447,8.291259,8.7
            -82.01401,8.29161,7.1
            -82.01371,8.291819,7
            -82.01346,8.29196,7
            -82.01322,8.29207,7.2
            -82.01291,8.292199,7.6
            -82.01264,8.292289,7.8
            -82.01243,8.29233,7.7
            -82.01213,8.29237,7.8
            -82.01186,8.2924,7.7
            -82.01164,8.29241,7.5
            -82.01142,8.292389,7
            -82.01094,8.29231,5.7
            -82.01063,8.29223,5.7
            -82.01023,8.292059,6.9
            -82.01008,8.292,7.5
            -82.00933,8.29156,9.4
            -82.0078,8.290599,5.9
            -82.00617,8.2896,5
            -82.00591,8.289429,3.1
            -82.00467,8.28867,3.8
            -82.00431,8.28844,4.6
            -82.00293,8.287599,7.2
            -82.00276,8.2875,7.8
            -82.00239,8.287269,8.4
            -82.00196,8.287,10.8
            -82.00148,8.2867,11.7
            -82.00132,8.2866,12.1
            -82.001099,8.28646,12.7
            -82.00078,8.28623,13
            -82.00051,8.286009,12.3
            -82.00032,8.285819,11.9
            -81.999709,8.28524,15.9
            -81.999142,8.284734,23.5
            -81.99899,8.284599,25.1
            -81.99841,8.28406,30.6
            -81.99838,8.28403,30.6
            -81.99784,8.283519,32
            -81.99758,8.283289,33.9
            -81.99744,8.28316,34.2
            -81.9973,8.282999,34.1
            -81.99713,8.28279,34
            -81.99695,8.28248,33.6
            -81.99685,8.28228,34.1
            -81.99669,8.281969,34
            -81.99656,8.28172,33.3
            -81.99634,8.281319,32.7
            -81.996309,8.28125,32.5
            -81.996039,8.28074,31
            -81.99575,8.28015,29.5
            -81.99552,8.27974,29.8
            -81.99535,8.27942,30.2
            -81.99511,8.27894,31.4
            -81.99491,8.27857,33.1
            -81.99477,8.27833,34.6
            -81.99454,8.27791,34.4
            -81.99449,8.277839,34.3
            -81.99439,8.27769,33.8
            -81.99423,8.277419,32.9
            -81.99394,8.27699,34.1
            -81.99365,8.2766,35
            -81.99345,8.276339,36.4
            -81.9932,8.27602,37.9
            -81.993,8.275779,38.8
            -81.99272,8.27547,39.8
            -81.99246,8.27519,40.6
            -81.99226,8.27499,39.8
            -81.99213,8.27486,39.3
            -81.9918,8.274509,38.5
            -81.99093,8.27365,35.8
            -81.99061,8.27332,35.6
            -81.98992,8.27261,31.2
            -81.98934,8.27203,30
            -81.98875,8.27144,30.5
            -81.9882,8.27086,27.9
            -81.98769,8.27035,30.2
            -81.98696,8.26964,33.2
            -81.986009,8.26867,36.2
            -81.98586,8.26852,35.7
            -81.98497,8.26764,33.1
            -81.98453,8.2672,31
            -81.98425,8.266909,28.9
            -81.98374,8.26638,25
            -81.983,8.26563,26.5
            -81.98264,8.26528,25.1
            -81.98244,8.26511,24.1
            -81.98229,8.265,23.8
            -81.98212,8.26488,24.2
            -81.98195,8.26478,24.5
            -81.98173,8.26467,24.7
            -81.98143,8.26454,25.2
            -81.98112,8.264419,25.9
            -81.9809,8.26436,26.5
            -81.9806,8.2643,27.3
            -81.98012,8.26425,28.8
            -81.97966,8.264229,28.3
            -81.97936,8.264239,27.6
            -81.97896,8.26426,26.6
            -81.97839,8.264279,25.4
            -81.978,8.26429,26
            -81.97707,8.264329,25.5
            -81.97649,8.26434,23.7
            -81.97586,8.26436,22.7
            -81.97519,8.264379,24.5
            -81.97479,8.264379,24.8
            -81.97378,8.264419,24.3
            -81.97312,8.26446,23.5
            -81.97311,8.26446,23.5
            -81.97291,8.264469,22.7
            -81.97256,8.264519,21.2
            -81.97227,8.26459,20
            -81.97211,8.26464,19.2
            -81.97191,8.264709,18
            -81.97174,8.26478,16.7
            -81.97152,8.2649,14.7
            -81.971369,8.264989,13.3
            -81.97115,8.26515,11.5
            -81.9709,8.26537,9.5
            -81.97071,8.26557,8.6
            -81.97057,8.26575,8.2
            -81.97054,8.26579,8.1
            -81.97037,8.266019,7.1
            -81.9696,8.267049,4.5
            -81.96943,8.26727,4.7
            -81.96871,8.26824,5.1
            -81.96833,8.26877,5
            -81.967789,8.26946,5
            -81.96754,8.26981,5.7
            -81.96699,8.27051,5.3
            -81.96659,8.27101,5.9
            -81.96624,8.2714,5.1
            -81.96554,8.27208,6.9
            -81.96487,8.2727,9.2
            -81.9639,8.27368,8.8
            -81.96354,8.27403,8.6
            -81.96313,8.27444,8.4
            -81.96244,8.27511,10.6
            -81.961969,8.27558,11.8
            -81.96156,8.27596,12.4
            -81.96064,8.276859,17
            -81.96024,8.27724,18
            -81.96008,8.2774,18.1
            -81.95995,8.27753,17.6
            -81.9598,8.27769,17.1
            -81.95971,8.27779,17.1
            -81.95951,8.277939,17.5
            -81.95929,8.27809,18.6
            -81.95901,8.278259,21
            -81.95853,8.27848,21.9
            -81.95845,8.27851,21.7
            -81.95824,8.27861,21.1
            -81.95781,8.278779,19.3
            -81.9564,8.27937,13.6
            -81.95567,8.279669,11.5
            -81.95533,8.279809,10
            -81.95483,8.28003,10.2
            -81.9545,8.28017,12.5
            -81.95449,8.28018,12.6
            -81.95425,8.28029,14
            -81.953999,8.28045,14.5
            -81.95379,8.28063,14.9
            -81.95363,8.28078,15.5
            -81.95347,8.28097,16.1
            -81.95326,8.28128,17.6
            -81.95307,8.28159,19
            -81.953,8.281739,19.5
            -81.95287,8.282019,20.3
            -81.95278,8.2822,21.1
            -81.95262,8.282539,23.1
            -81.95244,8.2829,23.1
            -81.95234,8.28311,22.3
            -81.95231,8.28318,22.1
            -81.95218,8.28348,21.4
            -81.95202,8.283799,21.3
            -81.9519,8.284039,21.9
            -81.9518,8.284269,22.5
            -81.95166,8.28457,22.9
            -81.95141,8.28501,19.6
            -81.951269,8.28523,17.9
            -81.9511,8.28545,16.3
            -81.95095,8.28561,15.2
            -81.95081,8.28574,14.5
            -81.95068,8.28584,13.7
            -81.95048,8.28598,11.7
            -81.95027,8.28608,9.8
            -81.95001,8.28617,7.7
            -81.94969,8.28626,7.7
            -81.94918,8.2864,8.3
            -81.94787,8.28675,11
            -81.94744,8.28688,10.1
            -81.947149,8.286939,9.3
            -81.946879,8.28698,8.7
            -81.94667,8.286989,8.2
            -81.94645,8.286989,9.3
            -81.94553,8.28696,11.9
            -81.94454,8.28692,11.4
            -81.943969,8.286899,11.5
            -81.94353,8.28688,10.5
            -81.94282,8.28684,9.8
            -81.94219,8.28682,9.2
            -81.94189,8.28682,8.7
            -81.94183,8.28682,8.6
            -81.94163,8.28683,8.7
            -81.94137,8.28688,10.6
            -81.94117,8.286949,12.3
            -81.94105,8.286989,13.2
            -81.94084,8.2871,15
            -81.94065,8.28722,16.7
            -81.94046,8.28739,17.9
            -81.94022,8.287649,18.7
            -81.94019,8.28769,18.9
            -81.93971,8.28824,23.7
            -81.93905,8.28908,25
            -81.93902,8.28912,24.9
            -81.93836,8.289949,26.8
            -81.93804,8.29035,26.2
            -81.93755,8.29097,24.7
            -81.937119,8.291539,22.1
            -81.93692,8.29177,22.4
            -81.93653,8.292199,25.3
            -81.93597,8.29289,26.6
            -81.93583,8.29308,25.5
            -81.935329,8.293749,18.1
            -81.93505,8.29409,13.9
            -81.93483,8.294359,13.7
            -81.9347,8.29453,14.2
            -81.93442,8.29481,14.1
            -81.93417,8.29501,13.1
            -81.93387,8.295199,11.8
            -81.93377,8.295249,11.1
            -81.933719,8.29527,10.7
            -81.93349,8.29533,8.9
            -81.93326,8.2954,7.7
            -81.93309,8.295439,8.2
            -81.93295,8.29547,8.6
            -81.93266,8.2955,9.3
            -81.93257,8.2955,9.6
            -81.9323,8.295489,9.5
            -81.93214,8.295479,9.2
            -81.93199,8.29546,9
            -81.931749,8.29542,8.6
            -81.931479,8.29537,8.7
            -81.93106,8.29528,9.1
            -81.93101,8.29527,9.1
            -81.93058,8.29519,9.6
            -81.93044,8.295159,9.7
            -81.93042,8.29515,9.7
            -81.9304,8.29515,9.8
            -81.93038,8.29515,9.8
            -81.930179,8.29515,9.9
            -81.93016,8.29515,9.9
            -81.93013,8.29515,9.9
            -81.92944,8.29501,8.7
            -81.928659,8.29485,10.1
            -81.92859,8.294829,10.2
            -81.9282,8.29475,10
            -81.92759,8.29463,8.5
            -81.9269,8.29448,5.8
            -81.9265,8.294359,4.4
            -81.92618,8.29424,3.9
            -81.92613,8.294219,3.8
            -81.92595,8.294129,4
            -81.92579,8.29404,4.8
            -81.92537,8.293799,7.3
            -81.92493,8.2935,8.6
            -81.92425,8.29303,7.1
            -81.9237,8.29266,7.6
            -81.92339,8.29245,8
            -81.92305,8.292199,8.4
            -81.922659,8.291829,8.9
            -81.92249,8.291639,10.1
            -81.92231,8.29141,11.5
            -81.9221,8.29111,13.3
            -81.92165,8.290459,14
            -81.92117,8.28966,7.5
            -81.92095,8.28932,5.8
            -81.92074,8.28902,5.7
            -81.92047,8.28867,7.1
            -81.92019,8.288349,8.4
            -81.91983,8.28797,7.6
            -81.91969,8.28785,7.9
            -81.91947,8.28767,8.9
            -81.9191,8.28738,10.1
            -81.918809,8.28719,9.1
            -81.9185,8.28702,9
            -81.91837,8.286939,9.2
            -81.91804,8.28678,11.6
            -81.91783,8.28669,13.7
            -81.91757,8.28659,16.2
            -81.9173,8.2865,17.6
            -81.916929,8.2864,19.3
            -81.9164,8.286289,21.2
            -81.91604,8.28623,22
            -81.915809,8.28621,22.4
            -81.91556,8.286189,22
            -81.91546,8.286189,21.9
            -81.91483,8.28618,22
            -81.91439,8.28617,24.3
            -81.913749,8.28616,24.4
            -81.91266,8.28614,22.4
            -81.91139,8.28611,26.1
            -81.91113,8.28611,26.5
            -81.90931,8.28609,21.3
            -81.9083,8.28607,25.7
            -81.90684,8.28604,23.9
            -81.90612,8.28603,23.5
            -81.905019,8.28602,19.4
            -81.90448,8.286,22.3
            -81.90393,8.28599,23.4
            -81.9023,8.28597,17.4
            -81.90194,8.285959,17.1
            -81.90048,8.28593,12.4
            -81.9003,8.28593,11.5
            -81.89903,8.285909,10.7
            -81.89866,8.285909,9.8
            -81.89757,8.28589,12.6
            -81.89681,8.28588,16.2
            -81.89643,8.28588,17.7
            -81.89616,8.28588,18.6
            -81.89564,8.285869,20.7
            -81.89456,8.28586,23.7
            -81.89385,8.28585,24.6
            -81.893469,8.28581,25.6
            -81.89318,8.285769,26.1
            -81.89302,8.285729,26.2
            -81.89284,8.285679,26.3
            -81.89263,8.285589,26.3
            -81.89257,8.28556,26.2
            -81.8924,8.28546,26.5
            -81.8921,8.285259,28.1
            -81.891319,8.28467,40.2
            -81.89095,8.28439,48.4
            -81.89048,8.28401,50.3
            -81.89012,8.2837,46.1
            -81.88968,8.28331,41.7
            -81.88847,8.28236,53.5
            -81.88801,8.282,61.9
            -81.88777,8.28182,65.3
            -81.88711,8.28128,67.4
            -81.88702,8.2812,67.1
            -81.88619,8.28051,64.5
            -81.88562,8.28006,65.7
            -81.88526,8.279769,66.9
            -81.88478,8.27937,68.2
            -81.88435,8.27905,68.8
            -81.88406,8.27886,69.8
            -81.88381,8.27871,71.4
            -81.88363,8.2786,73
            -81.88338,8.27849,75.4
            -81.88292,8.278309,80.5
            -81.88245,8.27814,84.7
            -81.88206,8.27805,87.2
            -81.881829,8.27799,88.7
            -81.88151,8.277939,90
            -81.88118,8.277889,90.4
            -81.88084,8.27787,90.8
            -81.88043,8.277839,87.5
            -81.88041,8.277839,87.3
            -81.8797,8.27781,82.1
            -81.878479,8.277739,79.7
            -81.87781,8.277699,82.9
            -81.87761,8.27769,84
            -81.87697,8.277649,87.3
            -81.87627,8.277609,86.1
            -81.87563,8.27758,81.9
            -81.87552,8.27757,81.3
            -81.87459,8.27752,78
            -81.87387,8.27748,80.5
            -81.87385,8.27748,80.7
            -81.872649,8.2774,85.2
            -81.87203,8.277369,80.5
            -81.87176,8.27736,77.6
            -81.87178,8.27718,76.4
            -81.87179,8.276999,75.1
            -81.87183,8.2765,72.6
            -81.87184,8.27627,71.8
            -81.87187,8.27596,71.2
            -81.871889,8.27575,71.4
            -81.87191,8.27549,72.7
            -81.87193,8.27543,73.3
            -81.87194,8.27534,73.8
            -81.87196,8.27528,74.4
            -81.87197,8.275219,74.8
            -81.87201,8.275119,75.8
            -81.87208,8.27491,76.9
            -81.87212,8.2748,77
            -81.87233,8.27435,78
            -81.87246,8.27407,79.1
            -81.87284,8.27317,79.4
            -81.87302,8.27276,80
            -81.87318,8.27244,80.1
            -81.8734,8.27199,80.8
            -81.87351,8.27177,80.2
            -81.87365,8.271459,78.7
            -81.8737,8.27135,78.2
            -81.87374,8.27122,77.8
            -81.87376,8.27114,77.6
            -81.873769,8.271089,77.5
            -81.873769,8.27102,77.5
            -81.873769,8.270949,77.4
            -81.87376,8.27086,77.5
            -81.87375,8.27074,77.1
            -81.87373,8.27059,76.4
            -81.87372,8.2705,76
            -81.87372,8.27039,75.4
            -81.87372,8.27026,74.7
            -81.87373,8.27012,74
            -81.87374,8.26997,73.7
            -81.87375,8.269869,74.5
            -81.87379,8.26929,79.1
            -81.87381,8.2691,80.3
            -81.873859,8.26856,82.2
            -81.87387,8.2684,82.7
            -81.87392,8.267799,81.3
            -81.873949,8.26749,80.4
            -81.87398,8.267239,79.3
            -81.87401,8.266959,78.2
            -81.87401,8.26695,78.1
            -81.87403,8.266719,77.1
            -81.874039,8.266439,77.2
            -81.87407,8.26601,77.9
            -81.87409,8.26572,78.2
            -81.87415,8.26521,78.1
            -81.87418,8.26482,77.5
            -81.87421,8.26434,76.5
            -81.87421,8.264189,76.2
            -81.8742,8.264099,76.2
            -81.87419,8.26399,76.3
            -81.87417,8.26389,76.3
            -81.87416,8.263809,76.4
            -81.874129,8.26368,76.5
            -81.87411,8.26359,76.6
            -81.87406,8.263439,76.7
            -81.873949,8.26314,76.8
            -81.87387,8.26296,76.6
            -81.87372,8.26267,76
            -81.87356,8.26233,74.7
            -81.87351,8.262219,74.2
            -81.87337,8.26191,72.8
            -81.873189,8.26154,70.3
            -81.87318,8.261509,70.1
            -81.87304,8.26124,68.5
            -81.87281,8.26075,67.4
            -81.87232,8.259729,73.2
            -81.872069,8.25924,76.6
            -81.87186,8.25881,78.6
            -81.87173,8.258559,79.3
            -81.87153,8.258129,78.8
            -81.87145,8.257949,78.1
            -81.87117,8.257339,77.1
            -81.87097,8.25697,77.8
            -81.87088,8.25681,78.4
            -81.87081,8.25671,78.7
            -81.87069,8.25653,78.4
            -81.87057,8.25641,78
            -81.87049,8.25632,77.9
            -81.8704,8.25623,77.7
            -81.87027,8.256119,77.6
            -81.87015,8.25603,77.6
            -81.869919,8.255879,77.8
            -81.86998,8.25577,78
            -81.870009,8.25571,78
            -81.870099,8.25562,78.1
            -81.87022,8.25554,78.2
            -81.8703,8.25549,78.2
            -81.87039,8.255409,78.2
            -81.87048,8.25531,78.2
            -81.87057,8.255179,78.1
            -81.8706,8.25511,78.1
            -81.87063,8.25503,78
            -81.87065,8.254939,77.9
            -81.87067,8.254849,77.8
            -81.87067,8.25477,77.7
            -81.87067,8.25459,77.4
            -81.87066,8.254339,77
            -81.87061,8.25376,76.9
            -81.87056,8.253109,77.2
            -81.87053,8.25275,77.5
            -81.8705,8.2524,77.7
            -81.87047,8.252039,77.2
            -81.87046,8.251899,77.1
            -81.87044,8.251569,76.9
            -81.87039,8.2509,77.6
            -81.87034,8.25008,75.6
            -81.870327,8.249845,74.7
            -81.8703,8.24938,72.6
            -81.87025,8.24881,72
            -81.87018,8.24816,72.2
            -81.87016,8.24799,72
            -81.87013,8.24724,70.6
            -81.87012,8.247159,70.5
            -81.87008,8.24662,69.7
            -81.87007,8.24646,69.2
            -81.87004,8.24606,67.8
            -81.87003,8.245789,67
            -81.87002,8.24557,67.3
            -81.86999,8.24531,67.7
            -81.86995,8.24498,68.3
            -81.869919,8.24464,68.6
            -81.86991,8.24442,68.8
            -81.86985,8.24371,70.1
            -81.86978,8.24278,69.3
            -81.86976,8.24253,68.4
            -81.86975,8.242279,67.7
            -81.86966,8.241569,66.5
            -81.86964,8.24135,66.4
            -81.86944,8.23997,66.6
            -81.86941,8.23972,66.4
            -81.86939,8.23954,66.2
            -81.86937,8.2394,66
            -81.86933,8.23907,65.4
            -81.8693,8.23878,64.3
            -81.86927,8.23854,63.4
            -81.86921,8.238099,62.7
            -81.86919,8.23792,62.5
            -81.86912,8.23751,62
            -81.86901,8.23691,63.7
            -81.86892,8.23647,64
            -81.8689,8.23638,63.7
            -81.86877,8.2359,62.2
            -81.86869,8.2356,61.6
            -81.8686,8.23523,60.8
            -81.86854,8.23495,60.3
            -81.86848,8.234629,60.8
            -81.86842,8.23428,61.1
            -81.86838,8.23412,61.2
            -81.86834,8.233879,61
            -81.86829,8.23373,60.9
            -81.8682,8.2334,60.7
            -81.86815,8.23321,60.4
            -81.86808,8.23292,60
            -81.86801,8.23268,59.7
            -81.86796,8.23251,59.6
            -81.86791,8.23236,59.1
            -81.86788,8.232279,58.8
            -81.867859,8.232239,58.6
            -81.86783,8.23215,58.3
            -81.86772,8.23193,57.4
            -81.86745,8.2314,55.2
            -81.867369,8.23124,54.5
            -81.86727,8.231,53.6
            -81.86721,8.2308,52.8
            -81.86709,8.23053,51.6
            -81.86704,8.23044,51.2
            -81.86694,8.23021,50.5
            -81.86687,8.23002,50
            -81.86684,8.229929,50
            -81.86681,8.22985,50.1
            -81.86678,8.22976,50.2
            -81.86676,8.22967,50.3
            -81.86672,8.22952,50.5
            -81.86668,8.22931,50.8
            -81.86661,8.22897,50.5
            -81.86657,8.22879,50.1
            -81.86654,8.228709,49.9
            -81.86644,8.228339,49
            -81.866339,8.22799,48.6
            -81.866249,8.22767,48.2
            -81.86601,8.22681,47
            -81.866,8.22677,46.9
            -81.8659,8.22645,46.6
            -81.86587,8.226369,46.6
            -81.86584,8.226279,46.5
            -81.86575,8.22608,46
            -81.86557,8.2257,44.7
            -81.86546,8.22551,44.2
            -81.865219,8.22504,43.5
            -81.86512,8.22486,43
            -81.86508,8.2248,42.9
            -81.86503,8.22472,42.7
            -81.86493,8.22458,42.5
            -81.86485,8.2245,42.5
            -81.86474,8.224399,42.6
            -81.86465,8.22432,42.7
            -81.86455,8.22424,43
            -81.86444,8.224159,43.3
            -81.86434,8.2241,43.7
            -81.86418,8.224,44.4
            -81.86411,8.22395,44.5
            -81.86403,8.22391,44.5
            -81.86395,8.22387,44.5
            -81.86386,8.223839,44.4
            -81.86377,8.22381,44.4
            -81.86369,8.223789,44.3
            -81.8636,8.22377,44.3
            -81.86351,8.22375,44.2
            -81.86342,8.223739,44.1
            -81.86288,8.22368,43.8
            -81.86283,8.22367,43.7
            -81.86235,8.22361,43.2
            -81.86215,8.22357,43
            -81.86203,8.223549,42.8
            -81.86193,8.223509,42.7
            -81.86187,8.22348,42.6
            -81.86184,8.223459,42.5
            -81.86178,8.223409,42.3
            -81.86173,8.22334,42.1
            -81.8617,8.22326,41.9
            -81.86167,8.223179,41.8
            -81.86166,8.223089,41.7
            -81.86163,8.22289,41.4
            -81.86152,8.22199,40.9
            -81.86147,8.221629,40.5
            -81.86141,8.22123,40
            -81.8614,8.22106,39.9
            -81.86139,8.220969,39.8
            -81.86139,8.220879,39.7
            -81.86139,8.22087,39.7
            -81.8614,8.2208,39.8
            -81.86143,8.22071,40
            -81.86148,8.22049,40.3
            -81.86157,8.22016,40
            -81.86176,8.21949,40.5
            -81.86181,8.219329,40.8
            -81.86214,8.21819,42
            -81.86227,8.21777,42.6
            -81.86229,8.21772,42.7
            -81.86254,8.21695,43.3
            -81.86255,8.21691,43.3
            -81.86273,8.216379,42
            -81.86282,8.216049,41.5
            -81.862889,8.21578,41.5
            -81.86299,8.21538,41.9
            -81.86303,8.21518,42.1
            -81.86308,8.214919,42.3
            -81.86312,8.21466,42.1
            -81.86315,8.21448,41.9
            -81.86322,8.21406,41.4
            -81.8633,8.21353,39.7
            -81.863339,8.21322,39.2
            -81.86335,8.213139,39.3
            -81.86345,8.21242,40
            -81.86346,8.21233,39.9
            -81.86351,8.21198,39.7
            -81.86354,8.211729,39.5
            -81.86356,8.21162,39.4
            -81.86359,8.21136,39.2
            -81.8636,8.211119,39.1
            -81.8636,8.211,39.1
            -81.86361,8.2109,39
            -81.86362,8.21083,39
            -81.86363,8.21072,38.9
            -81.86364,8.21067,38.9
            -81.86366,8.21055,38.8
            -81.86366,8.21053,38.8
            -81.86367,8.2104,38.7
            -81.86368,8.210369,38.7
            -81.86369,8.21021,38.6
            -81.86369,8.21014,38.5
            -81.86369,8.21008,38.5
            -81.86369,8.21003,38.4
            -81.86368,8.20998,38.5
            -81.86366,8.209759,39.3
            -81.86365,8.20965,39.7
            -81.8636,8.209289,41.2
            -81.86359,8.20919,41.7
            -81.86351,8.20858,40
            -81.86351,8.20852,39.8
            -81.863429,8.20797,38.2
            -81.86337,8.207509,36.9
            -81.86335,8.20735,37.3
            -81.86331,8.207039,38.1
            -81.863249,8.20656,38.5
            -81.8632,8.206149,37.3
            -81.86311,8.20538,35.7
            -81.86309,8.20512,35.3
            -81.86305,8.20467,35.5
            -81.86304,8.20458,35.6
            -81.86299,8.20416,36.1
            -81.86292,8.20359,32.9
            -81.86291,8.20351,32.5
            -81.86284,8.202909,31.5
            -81.86283,8.20279,31.4
            -81.86281,8.20264,31.3
            -81.86278,8.202389,32.1
            -81.86276,8.20226,33.1
            -81.86273,8.20191,35.8
            -81.86271,8.2017,37.5
            -81.86269,8.20154,38.2
            -81.86266,8.20128,38.8
            -81.86263,8.201029,39.3
            -81.86262,8.20096,39.4
            -81.86262,8.20074,39.5
            -81.86264,8.200559,39.3
            -81.86264,8.20049,39.2
            -81.86267,8.200229,38.8
            -81.86272,8.19969,38.4
            -81.86274,8.19942,38.5
            -81.86277,8.19898,38.1
            -81.86279,8.19885,37.7
            -81.862799,8.19877,37.5
            -81.86281,8.19866,37.3
            -81.86283,8.198539,37.1
            -81.86287,8.19837,36.7
            -81.86288,8.19835,36.6
            -81.8629,8.19828,36.6
            -81.86295,8.19811,36.6
            -81.86303,8.19786,36.7
            -81.8631,8.19766,36.6
            -81.86319,8.19739,36.6
            -81.86336,8.19687,36.6
            -81.86344,8.19664,36.2
            -81.86358,8.196199,34.8
            -81.86361,8.19613,34.6
            -81.86367,8.195959,34.1
            -81.86375,8.195729,33.4
            -81.864,8.195,31.6
            -81.86405,8.19487,31.3
            -81.86411,8.19472,31.1
            -81.86418,8.19453,31
            -81.86423,8.194409,30.9
            -81.864279,8.19424,30.9
            -81.86432,8.19412,30.7
            -81.86432,8.19408,30.6
            -81.86433,8.19401,30.4
            -81.86433,8.193949,30.3
            -81.86433,8.19388,30.1
            -81.86433,8.19378,29.9
            -81.86433,8.19369,29.7
            -81.86432,8.193659,29.6
            -81.86431,8.19361,29.5
            -81.86427,8.19332,28.9
            -81.86424,8.19318,28.7
            -81.86421,8.19307,28.6
            -81.86417,8.192959,28.5
            -81.86415,8.19289,28.5
            -81.86411,8.19281,28.3
            -81.86411,8.19279,28.3
            -81.86404,8.192629,28
            -81.86388,8.192259,27.5
            -81.86385,8.19218,27.4
            -81.86379,8.192019,27.4
            -81.86377,8.191969,27.5
            -81.86374,8.19189,27.5
            -81.86369,8.19172,27.7
            -81.86366,8.19162,27.8
            -81.86363,8.1915,27.7
            -81.86358,8.19128,27.5
            -81.86356,8.191129,27.2
            -81.86353,8.19093,26.9
            -81.86348,8.19049,26.8
            -81.86344,8.19013,26.9
            -81.863429,8.190049,26.9
            -81.863429,8.18994,26.9
            -81.86342,8.18987,27
            -81.863429,8.1898,27.1
            -81.863429,8.18974,27.2
            -81.86344,8.18964,27.2
            -81.86346,8.189489,27.4
            -81.86348,8.18937,27.4
            -81.86351,8.18924,27.5
            -81.86356,8.189,27
            -81.86357,8.18895,26.9
            -81.86359,8.18886,26.6
            -81.86364,8.18862,26
            -81.86367,8.18848,25.7
            -81.86368,8.18842,25.6
            -81.86369,8.18838,25.5
            -81.86372,8.188269,25.5
            -81.8638,8.188079,25.9
            -81.86387,8.187939,26.3
            -81.86391,8.187849,26.5
            -81.86397,8.18774,26.9
            -81.86402,8.18763,27.2
            -81.86408,8.187559,27.6
            -81.86414,8.18748,27.8
            -81.8642,8.18741,27.6
            -81.86434,8.18729,27.1
            -81.86442,8.18721,27
            -81.86455,8.18709,27
            -81.86464,8.18699,27.1
            -81.8647,8.1869,27.3
            -81.86476,8.186809,27.6
            -81.86481,8.186719,28
            -81.86485,8.186629,28.1
            -81.86491,8.18648,27.5
            -81.86498,8.18628,26.6
            -81.86503,8.18613,25.8
            -81.86515,8.18579,24.3
            -81.86521,8.185589,24.2
            -81.86527,8.1854,24.1
            -81.865309,8.18528,24.1
            -81.86534,8.18521,24.1
            -81.86539,8.1851,24.1
            -81.865399,8.185079,24.1
            -81.86548,8.18493,24.2
            -81.86555,8.18483,24.4
            -81.86568,8.18463,24.9
            -81.865799,8.18444,25.5
            -81.86592,8.18425,25.5
            -81.866,8.184139,25.2
            -81.8661,8.18398,24.7
            -81.86618,8.18385,24.5
            -81.86622,8.18375,24.5
            -81.86628,8.183619,24.7
            -81.866339,8.18345,25
            -81.86645,8.18317,25.6
            -81.86656,8.18291,26.1
            -81.86666,8.18265,26.8
            -81.86681,8.182259,26.5
            -81.86685,8.18218,26.4
            -81.86691,8.182029,26.3
            -81.86715,8.18153,25.2
            -81.86727,8.18131,23.8
            -81.86742,8.18105,22.2
            -81.86752,8.18087,21.2
            -81.86754,8.18083,21
            -81.86762,8.180669,21.1
            -81.86767,8.18056,21.1
            -81.86772,8.18044,21.1
            -81.867769,8.180289,21.1
            -81.86782,8.18008,21
            -81.86784,8.17997,20.8
            -81.86788,8.17969,19.2
            -81.86789,8.179639,18.9
            -81.86792,8.179399,17.4
            -81.86797,8.17882,11.5
            -81.868,8.17847,7.2
            -81.86801,8.17838,6.2
            -81.86805,8.17789,4.8
            -81.86806,8.177849,4.7
            -81.86806,8.177809,4.6
            -81.86806,8.17765,4.3
            -81.86806,8.17753,4.1
            -81.86806,8.17742,4
            -81.86805,8.17731,4
            -81.868039,8.17723,4
            -81.86802,8.17713,4
            -81.868,8.17706,4
            -81.86797,8.176959,4
            -81.86791,8.1768,4
            -81.86788,8.17671,4
            -81.86783,8.17662,4.1
            -81.86783,8.17661,4.2
            -81.86771,8.17642,4.7
            -81.86753,8.17617,5.2
            -81.86722,8.17573,5.3
            -81.86711,8.17558,5
            -81.86684,8.17521,4.9
            -81.8667,8.17501,5
            -81.86635,8.174519,8.3
            -81.86614,8.17423,8.9
            -81.86603,8.17408,8.8
            -81.86599,8.17404,8.7
            -81.86594,8.173999,8.6
            -81.8659,8.173959,8.6
            -81.86585,8.17393,8.5
            -81.86577,8.17389,8.4
            -81.8657,8.173859,8.2
            -81.86558,8.17381,8
            -81.86546,8.173769,7.6
            -81.86533,8.17373,7.2
            -81.86523,8.17369,6.9
            -81.86518,8.17365,6.8
            -81.86514,8.17362,6.7
            -81.865129,8.1736,6.7
            -81.86511,8.173539,6.8
            -81.8651,8.17347,7.1
            -81.8651,8.173109,7.6
            -81.86511,8.17284,7.7
            -81.86511,8.17259,7.7
            -81.8651,8.1724,7.6
            -81.8651,8.17212,7.3
            -81.86507,8.17162,6.7
            -81.86505,8.17106,5.5
            -81.86501,8.16996,5.1
            -81.86498,8.169309,7.5
            -81.865129,8.16935,7.5
            -81.86533,8.169409,7.4
            -81.86553,8.16947,7.3
            -81.86578,8.16953,7.2
            -81.86601,8.1696,7.3
            -81.86649,8.16977,7.7
            -81.86739,8.17012,6.8
            -81.86772,8.17026,6.7
            -81.86825,8.170489,5.7
            -81.868481,8.170588,5.6
            -81.86877,8.17071,6
            -81.86879,8.170719,6
          </coordinates>
        </LineString>
      </Placemark>
    </Folder>
    <Folder>
      <name>NAE25-126 Playa Las Lajas to Santiago</name>
      <Placemark>
        <name>NAE25-126 Playa Las Lajas to Santiago</name>
        <description>-- View in full at http://ridewithgps.com/routes/45708338</description>
        <styleUrl>#line-FBC02D-4294</styleUrl>
        <LineString>
          <tessellate>1</tessellate>
          <coordinates>
            -81.86849,8.1706,5.6
            -81.868375,8.170546,5.5
            -81.86825,8.170489,5.7
            -81.86772,8.17026,6.7
            -81.86739,8.17012,6.8
            -81.86649,8.16977,7.7
            -81.86601,8.1696,7.3
            -81.86578,8.16953,7.2
            -81.86553,8.16947,7.3
            -81.86533,8.169409,7.4
            -81.865129,8.16935,7.5
            -81.86498,8.169309,7.5
            -81.86501,8.16996,5.1
            -81.86505,8.17106,5.5
            -81.86507,8.17162,6.7
            -81.8651,8.17212,7.3
            -81.8651,8.1724,7.6
            -81.86511,8.17259,7.7
            -81.86511,8.17284,7.7
            -81.8651,8.173109,7.6
            -81.8651,8.17347,7.1
            -81.86511,8.173539,6.8
            -81.865129,8.1736,6.7
            -81.86514,8.17362,6.7
            -81.86518,8.17365,6.8
            -81.86523,8.17369,6.9
            -81.86533,8.17373,7.2
            -81.86546,8.173769,7.6
            -81.86558,8.17381,8
            -81.8657,8.173859,8.2
            -81.86577,8.17389,8.4
            -81.86585,8.17393,8.5
            -81.8659,8.173959,8.6
            -81.86594,8.173999,8.6
            -81.86599,8.17404,8.7
            -81.86603,8.17408,8.8
            -81.86614,8.17423,8.9
            -81.86635,8.174519,8.3
            -81.8667,8.17501,5
            -81.86684,8.17521,4.9
            -81.86711,8.17558,5
            -81.86722,8.17573,5.3
            -81.86753,8.17617,5.2
            -81.86771,8.17642,4.7
            -81.86783,8.17661,4.2
            -81.86783,8.17662,4.1
            -81.86788,8.17671,4
            -81.86791,8.1768,4
            -81.86797,8.176959,4
            -81.868,8.17706,4
            -81.86802,8.17713,4
            -81.868039,8.17723,4
            -81.86805,8.17731,4
            -81.86806,8.17742,4
            -81.86806,8.17753,4.1
            -81.86806,8.17765,4.3
            -81.86806,8.177809,4.6
            -81.86806,8.177849,4.7
            -81.86805,8.17789,4.8
            -81.86801,8.17838,6.2
            -81.868,8.17847,7.2
            -81.86797,8.17882,11.5
            -81.86792,8.179399,17.4
            -81.86789,8.179639,18.9
            -81.86788,8.17969,19.2
            -81.86784,8.17997,20.8
            -81.86782,8.18008,21
            -81.867769,8.180289,21.1
            -81.86772,8.18044,21.1
            -81.86767,8.18056,21.1
            -81.86762,8.180669,21.1
            -81.86754,8.18083,21
            -81.86752,8.18087,21.2
            -81.86742,8.18105,22.2
            -81.86727,8.18131,23.8
            -81.86715,8.18153,25.2
            -81.86691,8.182029,26.3
            -81.86685,8.18218,26.4
            -81.86681,8.182259,26.5
            -81.86666,8.18265,26.8
            -81.86656,8.18291,26.1
            -81.86645,8.18317,25.6
            -81.866339,8.18345,25
            -81.86628,8.183619,24.7
            -81.86622,8.18375,24.5
            -81.86618,8.18385,24.5
            -81.8661,8.18398,24.7
            -81.866,8.184139,25.2
            -81.86592,8.18425,25.5
            -81.865799,8.18444,25.5
            -81.86568,8.18463,24.9
            -81.86555,8.18483,24.4
            -81.86548,8.18493,24.2
            -81.865399,8.185079,24.1
            -81.86539,8.1851,24.1
            -81.86534,8.18521,24.1
            -81.865309,8.18528,24.1
            -81.86527,8.1854,24.1
            -81.86521,8.185589,24.2
            -81.86515,8.18579,24.3
            -81.86503,8.18613,25.8
            -81.86498,8.18628,26.6
            -81.86491,8.18648,27.5
            -81.86485,8.186629,28.1
            -81.86481,8.186719,28
            -81.86476,8.186809,27.6
            -81.8647,8.1869,27.3
            -81.86464,8.18699,27.1
            -81.86455,8.18709,27
            -81.86442,8.18721,27
            -81.86434,8.18729,27.1
            -81.8642,8.18741,27.6
            -81.86414,8.18748,27.8
            -81.86408,8.187559,27.6
            -81.86402,8.18763,27.2
            -81.86397,8.18774,26.9
            -81.86391,8.187849,26.5
            -81.86387,8.187939,26.3
            -81.8638,8.188079,25.9
            -81.86372,8.188269,25.5
            -81.86369,8.18838,25.5
            -81.86368,8.18842,25.6
            -81.86367,8.18848,25.7
            -81.86364,8.18862,26
            -81.86359,8.18886,26.6
            -81.86357,8.18895,26.9
            -81.86356,8.189,27
            -81.86351,8.18924,27.5
            -81.86348,8.18937,27.4
            -81.86346,8.189489,27.4
            -81.86344,8.18964,27.2
            -81.863429,8.18974,27.2
            -81.863429,8.1898,27.1
            -81.86342,8.18987,27
            -81.863429,8.18994,26.9
            -81.863429,8.190049,26.9
            -81.86344,8.19013,26.9
            -81.86348,8.19049,26.8
            -81.86353,8.19093,26.9
            -81.86356,8.191129,27.2
            -81.86358,8.19128,27.5
            -81.86363,8.1915,27.7
            -81.86366,8.19162,27.8
            -81.86369,8.19172,27.7
            -81.86374,8.19189,27.5
            -81.86377,8.191969,27.5
            -81.86379,8.192019,27.4
            -81.86385,8.19218,27.4
            -81.86388,8.192259,27.5
            -81.86404,8.192629,28
            -81.86411,8.19279,28.3
            -81.86411,8.19281,28.3
            -81.86415,8.19289,28.5
            -81.86417,8.192959,28.5
            -81.86421,8.19307,28.6
            -81.86424,8.19318,28.7
            -81.86427,8.19332,28.9
            -81.86431,8.19361,29.5
            -81.86432,8.193659,29.6
            -81.86433,8.19369,29.7
            -81.86433,8.19378,29.9
            -81.86433,8.19388,30.1
            -81.86433,8.193949,30.3
            -81.86433,8.19401,30.4
            -81.86432,8.19408,30.6
            -81.86432,8.19412,30.7
            -81.864279,8.19424,30.9
            -81.86423,8.194409,30.9
            -81.86418,8.19453,31
            -81.86411,8.19472,31.1
            -81.86405,8.19487,31.3
            -81.864,8.195,31.6
            -81.864,8.19501,31.6
            -81.86375,8.195729,33.4
            -81.86367,8.195959,34.1
            -81.86361,8.19613,34.6
            -81.86358,8.196199,34.8
            -81.86344,8.19664,36.2
            -81.86336,8.19687,36.6
            -81.86319,8.19739,36.6
            -81.8631,8.19766,36.6
            -81.86303,8.19786,36.7
            -81.86295,8.19811,36.6
            -81.8629,8.19828,36.6
            -81.86288,8.19835,36.6
            -81.86287,8.19837,36.7
            -81.86283,8.198539,37.1
            -81.86281,8.19866,37.3
            -81.862799,8.19877,37.5
            -81.86279,8.19885,37.7
            -81.86277,8.19898,38.1
            -81.86274,8.19942,38.5
            -81.86272,8.19969,38.4
            -81.86267,8.200229,38.8
            -81.86264,8.20049,39.2
            -81.86264,8.200559,39.3
            -81.86262,8.20074,39.5
            -81.86262,8.20096,39.4
            -81.86263,8.201029,39.3
            -81.86266,8.20128,38.8
            -81.86269,8.20154,38.2
            -81.86271,8.2017,37.5
            -81.86273,8.20191,35.8
            -81.86276,8.20226,33.1
            -81.86278,8.202389,32.1
            -81.86283,8.20279,31.4
            -81.86284,8.202909,31.5
            -81.86291,8.20351,32.5
            -81.86292,8.20359,32.9
            -81.86299,8.20416,36.1
            -81.86304,8.20458,35.6
            -81.86305,8.20467,35.5
            -81.86309,8.20512,35.3
            -81.86311,8.20538,35.7
            -81.8632,8.206149,37.3
            -81.863249,8.20656,38.5
            -81.86331,8.207039,38.1
            -81.86335,8.20735,37.3
            -81.86337,8.207509,36.9
            -81.863429,8.20797,38.2
            -81.86351,8.20852,39.8
            -81.86351,8.20858,40
            -81.86359,8.20919,41.7
            -81.8636,8.209289,41.2
            -81.86365,8.20965,39.7
            -81.86366,8.209759,39.3
            -81.86368,8.20998,38.5
            -81.86369,8.21003,38.4
            -81.86369,8.21008,38.5
            -81.86369,8.21014,38.5
            -81.86369,8.21021,38.6
            -81.86368,8.210369,38.7
            -81.86367,8.2104,38.7
            -81.86366,8.21053,38.8
            -81.86366,8.21055,38.8
            -81.86364,8.21067,38.9
            -81.86363,8.21072,38.9
            -81.86362,8.21083,39
            -81.86361,8.2109,39
            -81.8636,8.211,39.1
            -81.8636,8.211119,39.1
            -81.86359,8.21136,39.2
            -81.86356,8.21162,39.4
            -81.86354,8.211729,39.5
            -81.86351,8.21198,39.7
            -81.86346,8.21233,39.9
            -81.86345,8.21242,40
            -81.86335,8.213139,39.3
            -81.863339,8.21322,39.2
            -81.8633,8.21353,39.7
            -81.86322,8.21406,41.4
            -81.86315,8.21448,41.9
            -81.86312,8.21466,42.1
            -81.86308,8.214919,42.3
            -81.86303,8.21518,42.1
            -81.86299,8.21538,41.9
            -81.862889,8.21578,41.5
            -81.86282,8.216049,41.5
            -81.86273,8.216379,42
            -81.86255,8.21691,43.3
            -81.86254,8.21695,43.3
            -81.86229,8.21772,42.7
            -81.86227,8.21777,42.6
            -81.86214,8.21819,42
            -81.86181,8.219329,40.8
            -81.86176,8.21949,40.5
            -81.86157,8.22016,40
            -81.86148,8.22049,40.3
            -81.86143,8.22071,40
            -81.8614,8.2208,39.8
            -81.86139,8.22087,39.7
            -81.86139,8.220879,39.7
            -81.86139,8.220969,39.8
            -81.8614,8.22106,39.9
            -81.86141,8.22123,40
            -81.86147,8.221629,40.5
            -81.86152,8.22199,40.9
            -81.86163,8.22289,41.4
            -81.86166,8.223089,41.7
            -81.86167,8.223179,41.8
            -81.8617,8.22326,41.9
            -81.86173,8.22334,42.1
            -81.86178,8.223409,42.3
            -81.86184,8.223459,42.5
            -81.86187,8.22348,42.6
            -81.86193,8.223509,42.7
            -81.86203,8.223549,42.8
            -81.86215,8.22357,43
            -81.86235,8.22361,43.2
            -81.86283,8.22367,43.7
            -81.86288,8.22368,43.8
            -81.86342,8.223739,44.1
            -81.86351,8.22375,44.2
            -81.8636,8.22377,44.3
            -81.86369,8.223789,44.3
            -81.86377,8.22381,44.4
            -81.86386,8.223839,44.4
            -81.86395,8.22387,44.5
            -81.86403,8.22391,44.5
            -81.86411,8.22395,44.5
            -81.86418,8.224,44.4
            -81.86434,8.2241,43.7
            -81.86444,8.224159,43.3
            -81.86455,8.22424,43
            -81.86465,8.22432,42.7
            -81.86474,8.224399,42.6
            -81.86485,8.2245,42.5
            -81.86493,8.22458,42.5
            -81.86503,8.22472,42.7
            -81.86508,8.2248,42.9
            -81.86512,8.22486,43
            -81.865219,8.22504,43.5
            -81.86546,8.22551,44.2
            -81.86557,8.2257,44.7
            -81.86575,8.22608,46
            -81.86584,8.226279,46.5
            -81.86587,8.226369,46.6
            -81.8659,8.22645,46.6
            -81.866,8.22677,46.9
            -81.86601,8.22681,47
            -81.866249,8.22767,48.2
            -81.866339,8.22799,48.6
            -81.86644,8.228339,49
            -81.86654,8.228709,49.9
            -81.86657,8.22879,50.1
            -81.86661,8.22897,50.5
            -81.86668,8.22931,50.8
            -81.86672,8.22952,50.5
            -81.86676,8.22967,50.3
            -81.86678,8.22976,50.2
            -81.86681,8.22985,50.1
            -81.86684,8.229929,50
            -81.86687,8.23002,50
            -81.86694,8.23021,50.5
            -81.86704,8.23044,51.2
            -81.86709,8.23053,51.6
            -81.86721,8.2308,52.8
            -81.86727,8.231,53.6
            -81.867369,8.23124,54.5
            -81.86745,8.2314,55.2
            -81.86772,8.23193,57.4
            -81.86783,8.23215,58.3
            -81.867859,8.232239,58.6
            -81.86788,8.232279,58.8
            -81.86791,8.23236,59.1
            -81.86796,8.23251,59.6
            -81.86801,8.23268,59.7
            -81.86808,8.23292,60
            -81.86815,8.23321,60.4
            -81.8682,8.2334,60.7
            -81.86829,8.23373,60.9
            -81.86834,8.233879,61
            -81.86838,8.23412,61.2
            -81.86842,8.23428,61.1
            -81.86848,8.234629,60.8
            -81.86854,8.23495,60.3
            -81.8686,8.23523,60.8
            -81.86869,8.2356,61.6
            -81.86877,8.2359,62.2
            -81.8689,8.23638,63.7
            -81.86892,8.23647,64
            -81.86901,8.23691,63.7
            -81.86912,8.23751,62
            -81.86919,8.23792,62.5
            -81.86921,8.238099,62.7
            -81.86927,8.23854,63.4
            -81.8693,8.23878,64.3
            -81.86933,8.23907,65.4
            -81.86937,8.2394,66
            -81.86939,8.23954,66.2
            -81.86941,8.23972,66.4
            -81.86944,8.23997,66.6
            -81.86964,8.24135,66.4
            -81.86966,8.241569,66.5
            -81.86975,8.242279,67.7
            -81.86976,8.24253,68.4
            -81.86978,8.24278,69.3
            -81.86985,8.24371,70.1
            -81.86991,8.24442,68.8
            -81.869919,8.24464,68.6
            -81.86995,8.24498,68.3
            -81.86999,8.24531,67.7
            -81.87002,8.24557,67.3
            -81.87003,8.245789,67
            -81.87004,8.24606,67.8
            -81.87007,8.24646,69.2
            -81.87008,8.24662,69.7
            -81.87012,8.247159,70.5
            -81.87013,8.24724,70.6
            -81.87016,8.24799,72
            -81.87018,8.24816,72.2
            -81.87025,8.24881,72
            -81.8703,8.24938,72.6
            -81.87034,8.25008,75.6
            -81.87039,8.2509,77.6
            -81.87044,8.251569,76.9
            -81.87046,8.251899,77.1
            -81.87047,8.252039,77.2
            -81.8705,8.2524,77.7
            -81.87053,8.25275,77.5
            -81.87056,8.253109,77.2
            -81.87061,8.25376,76.9
            -81.87066,8.254339,77
            -81.87067,8.25459,77.4
            -81.87067,8.25477,77.7
            -81.87067,8.254849,77.8
            -81.87065,8.254939,77.9
            -81.87063,8.25503,78
            -81.8706,8.25511,78.1
            -81.87057,8.255179,78.1
            -81.87048,8.25531,78.2
            -81.87039,8.255409,78.2
            -81.8703,8.25549,78.2
            -81.87022,8.25554,78.2
            -81.870099,8.25562,78.1
            -81.870009,8.25563,78
            -81.86989,8.25564,78
            -81.8698,8.25566,78
            -81.86971,8.25568,77.9
            -81.8696,8.25572,77.9
            -81.86978,8.2558,78
            -81.869919,8.255879,77.8
            -81.87015,8.25603,77.6
            -81.87027,8.256119,77.6
            -81.8704,8.25623,77.7
            -81.87049,8.25632,77.9
            -81.87057,8.25641,78
            -81.87069,8.25653,78.4
            -81.87081,8.25671,78.7
            -81.87088,8.25681,78.4
            -81.87097,8.25697,77.8
            -81.87117,8.257339,77.1
            -81.87145,8.257949,78.1
            -81.87153,8.258129,78.8
            -81.87173,8.258559,79.3
            -81.87186,8.25881,78.6
            -81.872069,8.25924,76.6
            -81.87232,8.259729,73.2
            -81.87281,8.26075,67.4
            -81.87304,8.26124,68.5
            -81.87318,8.261509,70.1
            -81.873189,8.26154,70.3
            -81.87337,8.26191,72.8
            -81.87351,8.262219,74.2
            -81.87356,8.26233,74.7
            -81.87372,8.26267,76
            -81.87387,8.26296,76.6
            -81.873949,8.26314,76.8
            -81.87406,8.263439,76.7
            -81.87411,8.26359,76.6
            -81.874129,8.26368,76.5
            -81.87416,8.263809,76.4
            -81.87417,8.26389,76.3
            -81.87419,8.26399,76.3
            -81.8742,8.264099,76.2
            -81.87421,8.264189,76.2
            -81.87421,8.26434,76.5
            -81.87418,8.26482,77.5
            -81.87415,8.26521,78.1
            -81.87409,8.26572,78.2
            -81.87407,8.26601,77.9
            -81.874039,8.266439,77.2
            -81.87403,8.266719,77.1
            -81.87401,8.26695,78.1
            -81.87401,8.266959,78.2
            -81.87398,8.267239,79.3
            -81.873949,8.26749,80.4
            -81.87392,8.267799,81.3
            -81.87387,8.2684,82.7
            -81.873859,8.26856,82.2
            -81.87381,8.2691,80.3
            -81.87379,8.26929,79.1
            -81.87375,8.269869,74.5
            -81.87374,8.26997,73.7
            -81.87373,8.27012,74
            -81.87372,8.27026,74.7
            -81.87372,8.27039,75.4
            -81.87372,8.2705,76
            -81.87373,8.27059,76.4
            -81.87375,8.27074,77.1
            -81.87376,8.27086,77.5
            -81.873769,8.270949,77.4
            -81.873769,8.27102,77.5
            -81.873769,8.271089,77.5
            -81.87376,8.27114,77.6
            -81.87374,8.27122,77.8
            -81.8737,8.27135,78.2
            -81.87365,8.271459,78.7
            -81.87351,8.27177,80.2
            -81.8734,8.27199,80.8
            -81.87318,8.27244,80.1
            -81.87302,8.27276,80
            -81.87284,8.27317,79.4
            -81.87246,8.27407,79.1
            -81.87233,8.27435,78
            -81.87212,8.2748,77
            -81.87208,8.27491,76.9
            -81.87201,8.275119,75.8
            -81.87197,8.275219,74.8
            -81.87196,8.27528,74.4
            -81.87194,8.27534,73.8
            -81.87193,8.27543,73.3
            -81.87191,8.27549,72.7
            -81.871889,8.27575,71.4
            -81.87187,8.27596,71.2
            -81.87184,8.27627,71.8
            -81.87183,8.2765,72.6
            -81.87179,8.276999,75.1
            -81.87178,8.27718,76.4
            -81.87176,8.27736,77.6
            -81.87106,8.27732,69.6
            -81.8704,8.277279,64.3
            -81.87032,8.277279,63.9
            -81.87007,8.27727,62.5
            -81.869649,8.277229,61.1
            -81.86941,8.27721,60.3
            -81.8692,8.27718,59.6
            -81.86893,8.277139,58.4
            -81.86875,8.2771,57.6
            -81.86848,8.277039,56.4
            -81.8682,8.27697,55.2
            -81.86794,8.276899,53.9
            -81.86767,8.276809,52.4
            -81.86739,8.27671,51.7
            -81.86722,8.27664,52.3
            -81.86699,8.27654,53
            -81.86666,8.276389,53.7
            -81.86609,8.27609,54.4
            -81.865799,8.27591,55
            -81.86545,8.27567,53.4
            -81.86543,8.27566,53.3
            -81.8651,8.27542,53.4
            -81.86499,8.27534,53.8
            -81.86474,8.27516,54
            -81.86425,8.2748,53.1
            -81.86386,8.27452,53.1
            -81.86323,8.27407,53.9
            -81.862129,8.273289,66.2
            -81.86138,8.27276,74.5
            -81.861,8.2725,78.8
            -81.8605,8.27214,82.5
            -81.86021,8.271929,83.4
            -81.85991,8.27171,84
            -81.85943,8.27134,84.2
            -81.8592,8.27115,85.7
            -81.85915,8.27111,85.9
            -81.8589,8.27088,85.9
            -81.85872,8.270709,85
            -81.85853,8.2705,84.1
            -81.85831,8.270239,83.9
            -81.85809,8.26997,83.1
            -81.85793,8.269769,82.4
            -81.85753,8.26923,82.8
            -81.85726,8.26884,79.6
            -81.85705,8.26853,76.8
            -81.8565,8.26773,73.8
            -81.856219,8.267329,71.5
            -81.85596,8.26693,71.9
            -81.85571,8.26659,73.9
            -81.85487,8.265409,80.7
            -81.85466,8.265129,81.5
            -81.85448,8.26488,81.7
            -81.85414,8.264379,81.7
            -81.85404,8.264229,81.3
            -81.85384,8.26393,77.4
            -81.85354,8.263479,72.3
            -81.85347,8.263389,71.6
            -81.85334,8.26322,70.5
            -81.8532,8.263059,68.8
            -81.85303,8.26289,66.9
            -81.8529,8.262779,65.4
            -81.8528,8.26271,64.3
            -81.85243,8.262449,60
            -81.85182,8.26205,53.1
            -81.8514,8.261789,51.1
            -81.85086,8.26144,52.2
            -81.85009,8.26098,53.8
            -81.84939,8.26052,55.3
            -81.8483,8.25984,59.1
            -81.84778,8.25951,57.9
            -81.84703,8.25904,54.1
            -81.846369,8.25862,51.5
            -81.84547,8.25806,52.2
            -81.84533,8.25797,52.2
            -81.84389,8.257059,48
            -81.843639,8.256909,47.5
            -81.84287,8.25643,46.7
            -81.84145,8.25553,46.3
            -81.84071,8.25505,43.7
            -81.83985,8.25451,45.6
            -81.8392,8.254099,48.6
            -81.83896,8.253959,49.2
            -81.838669,8.25379,50
            -81.83842,8.25364,50.7
            -81.83824,8.25353,50.8
            -81.83774,8.253259,49.3
            -81.83753,8.253159,48.2
            -81.83718,8.253,44.9
            -81.83691,8.2529,42.9
            -81.83654,8.25278,40.7
            -81.83598,8.25262,38.6
            -81.83544,8.25249,38.5
            -81.834639,8.25231,38.5
            -81.8334,8.252039,38.8
            -81.83162,8.25165,38.1
            -81.83145,8.251609,38.3
            -81.830209,8.251329,40
            -81.83018,8.251329,40
            -81.829179,8.251099,39.3
            -81.82822,8.2509,34.3
            -81.82764,8.250769,29
            -81.82725,8.250669,26.4
            -81.82663,8.25054,23.4
            -81.82562,8.25033,25
            -81.825149,8.25022,27.5
            -81.82415,8.25,32.8
            -81.82235,8.249599,42.5
            -81.82196,8.24951,43.9
            -81.82089,8.24928,43.1
            -81.820179,8.249129,45.5
            -81.81968,8.24902,47.1
            -81.81866,8.24879,45.5
            -81.81826,8.248699,43.9
            -81.8156,8.24811,32.7
            -81.81434,8.24778,33.2
            -81.81423,8.24775,33.4
            -81.813599,8.24759,32.1
            -81.81359,8.24759,32.1
            -81.81326,8.2475,31.8
            -81.81285,8.247389,30.7
            -81.81219,8.24721,29.7
            -81.81088,8.24686,28.4
            -81.809209,8.246399,24.7
            -81.80878,8.24628,24.7
            -81.80623,8.245609,26
            -81.80583,8.2455,23.8
            -81.80461,8.24517,22.5
            -81.80373,8.24493,24.1
            -81.80268,8.24465,26.6
            -81.800569,8.24408,34.4
            -81.79935,8.24375,41.6
            -81.79917,8.24371,42.8
            -81.79885,8.24363,40.6
            -81.798509,8.24353,38.9
            -81.79815,8.243399,37.8
            -81.79813,8.243399,37.7
            -81.797839,8.24327,36.5
            -81.79744,8.24308,33.5
            -81.79707,8.24288,29.3
            -81.79603,8.24233,23.6
            -81.79522,8.24192,22.6
            -81.79515,8.24188,22.5
            -81.79426,8.24141,19.9
            -81.7941,8.24132,19.6
            -81.793539,8.24102,22.5
            -81.79313,8.240819,25.5
            -81.79265,8.24057,28.6
            -81.79246,8.24047,29.3
            -81.791749,8.24009,28
            -81.79153,8.23997,27.3
            -81.79118,8.239789,27.8
            -81.79026,8.23931,34.7
            -81.78946,8.238899,39.7
            -81.78944,8.23889,39.7
            -81.78928,8.238799,39.5
            -81.78887,8.23858,37.5
            -81.787899,8.23807,35.3
            -81.78768,8.23795,36.4
            -81.78719,8.23771,39.9
            -81.78691,8.23756,40.9
            -81.78632,8.237259,40.8
            -81.785929,8.23705,41.2
            -81.78591,8.23704,41.2
            -81.78557,8.23686,38
            -81.78487,8.23648,27.9
            -81.783199,8.2356,20.8
            -81.783019,8.235519,21.3
            -81.78285,8.23544,21.7
            -81.78256,8.23529,22.1
            -81.7823,8.23518,21.5
            -81.78219,8.235139,21.1
            -81.782079,8.235099,20.8
            -81.78196,8.23506,20.4
            -81.78168,8.23499,19.9
            -81.7815,8.23495,18.3
            -81.78121,8.2349,16.1
            -81.78077,8.23488,13.7
            -81.78076,8.23488,13.7
            -81.78048,8.23489,13.8
            -81.78027,8.234909,13.9
            -81.78008,8.23493,13.9
            -81.7798,8.23497,14.2
            -81.77957,8.23502,14.6
            -81.77923,8.23513,15.9
            -81.77893,8.23525,16.4
            -81.77869,8.23534,16.1
            -81.77783,8.23573,12.3
            -81.77746,8.2359,10.2
            -81.77705,8.23607,11
            -81.77663,8.23624,12.1
            -81.77616,8.23643,14.9
            -81.77568,8.236639,15.8
            -81.77556,8.2367,15.2
            -81.77527,8.23682,13.6
            -81.77493,8.236969,11.8
            -81.7748,8.23703,11.5
            -81.77465,8.23709,11.1
            -81.77424,8.23727,9.8
            -81.77383,8.237439,8.8
            -81.77358,8.23755,7.9
            -81.77304,8.23778,6.9
            -81.77301,8.2378,6.8
            -81.77283,8.23788,6.6
            -81.77208,8.2382,8.9
            -81.77162,8.23839,10.4
            -81.771289,8.23851,11.4
            -81.77099,8.23861,12.4
            -81.7708,8.238659,13.1
            -81.77064,8.23868,13.7
            -81.77046,8.2387,14.3
            -81.77024,8.23869,15
            -81.77011,8.23867,15.4
            -81.76988,8.23863,16.2
            -81.76971,8.238569,16.6
            -81.76942,8.23845,17
            -81.76903,8.23823,15.6
            -81.76877,8.23807,13.5
            -81.76846,8.23785,11.3
            -81.76835,8.23778,10.7
            -81.76782,8.23742,8.9
            -81.76727,8.23706,9.2
            -81.76701,8.23689,9.6
            -81.76662,8.236639,10
            -81.76635,8.23647,10
            -81.7658,8.23612,9.9
            -81.76553,8.23593,9.2
            -81.765,8.23559,8.3
            -81.76451,8.23527,10.4
            -81.7642,8.23508,11.8
            -81.76384,8.23484,11.2
            -81.7637,8.23475,10.9
            -81.76327,8.23447,10.6
            -81.76272,8.23409,9.6
            -81.76239,8.233879,9.8
            -81.76204,8.23365,10.4
            -81.761439,8.233269,11.4
            -81.76085,8.23288,13.1
            -81.76019,8.23245,13.8
            -81.75981,8.2322,12.9
            -81.75968,8.23212,12.5
            -81.75922,8.23182,10.2
            -81.7587,8.23147,8.7
            -81.75822,8.23117,9.3
            -81.75791,8.230969,11
            -81.757679,8.230829,11.9
            -81.75721,8.23053,11.3
            -81.75678,8.230219,7.4
            -81.75672,8.23018,6.7
            -81.75635,8.229929,5.8
            -81.755979,8.22968,7.5
            -81.75586,8.22957,8.1
            -81.75569,8.2294,9.1
            -81.75549,8.22916,11.2
            -81.75541,8.229039,11.8
            -81.75531,8.22888,12.5
            -81.75522,8.22869,13.5
            -81.75507,8.22841,15.2
            -81.75499,8.22826,16.3
            -81.75491,8.228109,17.9
            -81.75478,8.227869,20.1
            -81.75466,8.22763,21.7
            -81.75461,8.227539,22.2
            -81.75452,8.22734,22
            -81.75442,8.22715,21.4
            -81.75434,8.22696,20.2
            -81.75426,8.22678,18.9
            -81.75419,8.22664,18.1
            -81.75409,8.22644,19.4
            -81.754,8.226269,20.4
            -81.753829,8.22596,22
            -81.75366,8.22559,21
            -81.75349,8.22519,19.6
            -81.75341,8.225009,19.4
            -81.75318,8.22455,20.2
            -81.75299,8.22419,22.8
            -81.75278,8.22375,28.8
            -81.75263,8.223459,33.5
            -81.75251,8.22326,37.2
            -81.7524,8.223079,39.7
            -81.75224,8.22282,43.3
            -81.75214,8.2227,45.3
            -81.75208,8.222609,46.6
            -81.751949,8.222469,48.6
            -81.75178,8.222289,49.1
            -81.75154,8.22203,46.7
            -81.75151,8.22199,45.9
            -81.75127,8.221769,40.6
            -81.75109,8.22162,36.1
            -81.75086,8.22147,30.3
            -81.75059,8.22131,24.9
            -81.75043,8.22123,22.9
            -81.7501,8.2211,20.9
            -81.75002,8.22108,20.7
            -81.74979,8.22101,20.9
            -81.7495,8.220929,21.1
            -81.74936,8.2209,21.1
            -81.74914,8.220879,21.3
            -81.74882,8.22084,23.5
            -81.74844,8.22084,26.3
            -81.74714,8.2208,30
            -81.7467,8.220789,27
            -81.74557,8.22076,14.2
            -81.744829,8.22073,11
            -81.74455,8.22071,12
            -81.74426,8.22067,12.9
            -81.74424,8.22067,13
            -81.74406,8.22063,12.5
            -81.743979,8.22062,12.1
            -81.7437,8.220549,10.6
            -81.7434,8.220459,8.9
            -81.742949,8.2203,8.1
            -81.74274,8.22021,7.8
            -81.74252,8.22011,7.4
            -81.74224,8.21998,8.8
            -81.74124,8.2195,12.2
            -81.74097,8.21937,12.9
            -81.74042,8.21907,11.4
            -81.74003,8.2189,9.8
            -81.73896,8.21833,11.2
            -81.73858,8.21812,14.6
            -81.7381,8.21784,21.2
            -81.73754,8.21753,32.2
            -81.73745,8.21748,33.5
            -81.73688,8.217129,38.4
            -81.73651,8.21692,41.1
            -81.73645,8.216889,41.4
            -81.73602,8.21669,43.1
            -81.73558,8.216519,43.1
            -81.73524,8.216419,43.6
            -81.73482,8.216329,44.7
            -81.73473,8.21631,45
            -81.73455,8.216279,45.6
            -81.7337,8.21615,46.1
            -81.733009,8.21603,42.1
            -81.73276,8.21599,39.9
            -81.73223,8.215909,37.3
            -81.73171,8.21583,36
            -81.73132,8.215759,34.1
            -81.73123,8.21575,33.7
            -81.7309,8.21569,32
            -81.73059,8.215619,30.8
            -81.73009,8.215479,29
            -81.72964,8.21538,24.5
            -81.72929,8.21533,20.7
            -81.72866,8.21522,20.2
            -81.72848,8.21519,20.1
            -81.72758,8.21505,19.4
            -81.72734,8.21502,19.3
            -81.72667,8.21494,21.6
            -81.72621,8.21489,25.3
            -81.725127,8.214642,29.6
            -81.7249,8.214589,30
            -81.724639,8.214549,30.5
            -81.72397,8.214449,32.3
            -81.722849,8.21427,35.4
            -81.722669,8.21425,35.2
            -81.72265,8.21425,35.2
            -81.72229,8.21419,35.5
            -81.72175,8.21411,37.2
            -81.72139,8.21406,33.5
            -81.72059,8.213939,24.8
            -81.72037,8.21392,24.2
            -81.72018,8.21391,23.6
            -81.72001,8.21391,23
            -81.71988,8.21392,22.9
            -81.71957,8.21396,22.6
            -81.71943,8.21399,22.6
            -81.71942,8.21399,22.6
            -81.71939,8.214,22.6
            -81.71923,8.21405,22.6
            -81.71895,8.214169,22
            -81.718729,8.2143,20.8
            -81.71838,8.214549,19.6
            -81.71832,8.214589,19.7
            -81.71827,8.21461,20.6
            -81.71806,8.21475,24.5
            -81.7175,8.2151,34.4
            -81.71721,8.21528,33.9
            -81.71686,8.21554,32.8
            -81.71653,8.215759,32.4
            -81.71622,8.2159,34.1
            -81.71603,8.21598,35.2
            -81.71581,8.216049,36.2
            -81.71549,8.21613,35.9
            -81.71517,8.216189,35.7
            -81.71496,8.21621,35.8
            -81.71467,8.2162,37.3
            -81.71465,8.2162,37.4
            -81.71442,8.216189,38.6
            -81.71406,8.216139,40.7
            -81.7138,8.21607,42.9
            -81.71354,8.21599,45.4
            -81.71343,8.21594,46.6
            -81.71319,8.21584,47.1
            -81.71281,8.21563,46.7
            -81.71261,8.21551,46.7
            -81.71203,8.215149,48.1
            -81.71175,8.21499,49.3
            -81.71151,8.214869,50.3
            -81.71141,8.214829,50.9
            -81.71127,8.21479,51.7
            -81.71113,8.21475,52.7
            -81.71097,8.214729,53.5
            -81.71083,8.21472,54
            -81.71062,8.21474,52.3
            -81.71043,8.21479,50
            -81.71017,8.21489,46.2
            -81.70994,8.215,43.1
            -81.70971,8.21514,43.4
            -81.70954,8.21524,43.5
            -81.708789,8.215669,43.9
            -81.70877,8.21569,43.9
            -81.70822,8.215999,46.4
            -81.70724,8.21655,52.7
            -81.70684,8.216749,54
            -81.706639,8.21683,54.9
            -81.70633,8.21695,55.4
            -81.70612,8.21702,56
            -81.70567,8.21716,57.9
            -81.70563,8.217169,58.2
            -81.70526,8.217269,60.7
            -81.7048,8.217409,61.5
            -81.70441,8.21753,59.8
            -81.70387,8.21772,57.3
            -81.70355,8.21786,55.6
            -81.70323,8.21803,55.4
            -81.70294,8.21819,58.3
            -81.70254,8.21841,62.5
            -81.70229,8.21857,65.3
            -81.70208,8.21873,66.9
            -81.70192,8.21885,67.5
            -81.70157,8.21917,66.6
            -81.70137,8.21936,65.6
            -81.70135,8.219379,65.5
            -81.70113,8.21962,64.4
            -81.70084,8.21997,63.3
            -81.70064,8.22021,64.2
            -81.70039,8.220549,64.1
            -81.70011,8.22099,63.1
            -81.699969,8.22119,63.7
            -81.69984,8.221389,64.3
            -81.69949,8.22189,66.2
            -81.69906,8.22251,68.7
            -81.69871,8.222989,72.2
            -81.69853,8.22324,73.8
            -81.69837,8.22349,74.5
            -81.69825,8.22367,74.1
            -81.697999,8.22406,72.6
            -81.69787,8.22424,72.2
            -81.6977,8.224449,72.6
            -81.6975,8.22467,72.8
            -81.69735,8.224819,73.8
            -81.69704,8.22511,73.3
            -81.69674,8.2254,70.8
            -81.69615,8.22591,74
            -81.69577,8.22621,76
            -81.69572,8.22626,76.3
            -81.69547,8.22648,77.7
            -81.69528,8.22662,79.8
            -81.69512,8.226699,81.6
            -81.69493,8.2268,84.7
            -81.6947,8.226889,88.1
            -81.69453,8.22695,90.8
            -81.69435,8.226979,93
            -81.69418,8.227,95.1
            -81.69405,8.22701,96.8
            -81.6938,8.22702,100
            -81.69362,8.22701,102.1
            -81.69333,8.22696,104.9
            -81.6931,8.2269,106.6
            -81.69304,8.226889,107.1
            -81.69276,8.22681,109.3
            -81.692539,8.22672,111
            -81.69224,8.22657,111.1
            -81.69202,8.22643,110.3
            -81.69178,8.22624,108.7
            -81.69168,8.22615,107.9
            -81.69157,8.22605,106.8
            -81.69132,8.2258,105.1
            -81.69101,8.22544,108.3
            -81.69073,8.225059,112.9
            -81.6907,8.22503,113.4
            -81.6905,8.224769,115.3
            -81.69019,8.22437,119
            -81.69005,8.22423,121.2
            -81.68991,8.224119,123.2
            -81.689629,8.22396,125.7
            -81.68958,8.22394,126.2
            -81.68944,8.22387,127
            -81.6893,8.223839,128.2
            -81.68906,8.22382,129.3
            -81.68884,8.223829,128.9
            -81.68864,8.22387,129.3
            -81.68844,8.22394,130.4
            -81.688239,8.22405,132.8
            -81.68804,8.224159,136.2
            -81.68775,8.22434,140.3
            -81.68746,8.22451,144.5
            -81.68706,8.22476,148.2
            -81.68667,8.225009,149.1
            -81.68637,8.22521,148.5
            -81.68621,8.22531,148.6
            -81.68595,8.22547,149.5
            -81.68541,8.22583,150.9
            -81.68477,8.22622,152.6
            -81.68443,8.226419,152.7
            -81.68408,8.22663,152.7
            -81.68361,8.226879,150.7
            -81.68302,8.227169,153.6
            -81.68276,8.2273,157.2
            -81.68201,8.22766,166.4
            -81.68178,8.22777,168.9
            -81.68129,8.228009,173.7
            -81.68096,8.22816,175.9
            -81.68089,8.228199,176.5
            -81.68059,8.22835,175.1
            -81.68034,8.22849,174.5
            -81.68008,8.228619,173.1
            -81.67999,8.22865,172.4
            -81.67985,8.228709,174.9
            -81.67968,8.22875,177.1
            -81.6795,8.22877,178.8
            -81.6793,8.22878,180.4
            -81.67905,8.22875,182.5
            -81.67891,8.228709,183.9
            -81.6787,8.228619,185.4
            -81.67855,8.22854,186.3
            -81.67836,8.2284,186.9
            -81.67812,8.22818,189.6
            -81.6777,8.2278,195.6
            -81.67722,8.227349,199.8
            -81.6769,8.22705,200.7
            -81.67681,8.22697,200.8
            -81.676509,8.22667,199.9
            -81.67645,8.22661,199.8
            -81.67607,8.22624,201.3
            -81.67579,8.22601,204.9
            -81.675389,8.22573,209.4
            -81.67511,8.22554,211.8
            -81.67502,8.22549,212.7
            -81.67477,8.22535,212.7
            -81.67455,8.22525,212.6
            -81.67441,8.22519,212.4
            -81.6743,8.22512,211.7
            -81.67397,8.225009,211.9
            -81.67375,8.22495,212.3
            -81.6737,8.22493,212.2
            -81.673419,8.22486,212.3
            -81.67324,8.22483,212.6
            -81.67304,8.22479,212.7
            -81.67264,8.224769,214.9
            -81.67228,8.22476,217.4
            -81.67226,8.22476,217.5
            -81.67195,8.224769,220.4
            -81.67164,8.2248,223.6
            -81.67126,8.224869,223.5
            -81.67104,8.22493,223.7
            -81.67086,8.22498,223.7
            -81.67058,8.22509,224.8
            -81.670419,8.225149,225.4
            -81.67028,8.22522,226
            -81.669945,8.225377,227.3
            -81.66981,8.22544,228
            -81.66951,8.22564,229.5
            -81.66939,8.22572,229.9
            -81.66927,8.22582,230.4
            -81.66873,8.226319,226.4
            -81.66849,8.22659,222.9
            -81.66843,8.22667,221.9
            -81.66812,8.22699,219.4
            -81.66795,8.22716,218.2
            -81.66767,8.22747,216.4
            -81.66748,8.227679,214.6
            -81.667109,8.22808,211.9
            -81.66683,8.22838,211.4
            -81.66673,8.22847,211.8
            -81.66665,8.22854,212.6
            -81.66652,8.22863,215.2
            -81.66626,8.228759,219.9
            -81.66613,8.22882,222.3
            -81.666,8.228859,224.4
            -81.66586,8.228899,226.7
            -81.66576,8.22891,228.5
            -81.66566,8.22893,230.7
            -81.66544,8.22893,234.6
            -81.66524,8.22892,238
            -81.66486,8.22883,243.2
            -81.66449,8.22869,246.5
            -81.66414,8.228579,249.2
            -81.66386,8.22851,248
            -81.66367,8.2285,247.7
            -81.66353,8.22849,247.4
            -81.66327,8.2285,247.6
            -81.66303,8.228529,248.6
            -81.66274,8.2286,250.3
            -81.66251,8.22869,252.1
            -81.66226,8.22883,253.2
            -81.662049,8.22897,254
            -81.6619,8.2291,254.7
            -81.66134,8.22959,258.9
            -81.66069,8.230169,262.2
            -81.66029,8.23051,266.8
            -81.66005,8.2307,269.3
            -81.65998,8.23075,270
            -81.65992,8.2308,270.6
            -81.65962,8.23099,271.5
            -81.65944,8.23108,272
            -81.65926,8.23114,272.4
            -81.659049,8.23119,272.7
            -81.65873,8.23121,272.8
            -81.6585,8.231199,272.7
            -81.65823,8.23117,273.3
            -81.65788,8.23112,276.1
            -81.65738,8.23105,279.4
            -81.65711,8.231019,280.3
            -81.65648,8.23093,281.9
            -81.6554,8.230779,286.2
            -81.654839,8.23071,290.3
            -81.65366,8.23053,292.3
            -81.65237,8.23037,293.7
            -81.65064,8.2301,287
            -81.6504,8.23006,285.4
            -81.65022,8.230029,284.3
            -81.64986,8.229979,283
            -81.64914,8.22988,282.7
            -81.64845,8.22978,281.8
            -81.64806,8.22972,282.1
            -81.64619,8.22946,291
            -81.64608,8.22944,291.9
            -81.64378,8.22912,288.5
            -81.64164,8.2288,304.5
            -81.64122,8.2287,305.5
            -81.641139,8.22868,305.6
            -81.64071,8.22854,304
            -81.64041,8.228429,302
            -81.63977,8.22819,300.5
            -81.6392,8.22798,300.5
            -81.638319,8.22763,288.5
            -81.63816,8.22757,289.2
            -81.63779,8.22743,291.5
            -81.63741,8.22727,296
            -81.6371,8.22714,300.6
            -81.63687,8.227,303.6
            -81.63669,8.22687,305.1
            -81.63664,8.226839,304.9
            -81.63645,8.22669,302.2
            -81.63625,8.226459,299.1
            -81.63618,8.226369,297.9
            -81.63612,8.22629,296.7
            -81.63597,8.22605,293.5
            -81.63581,8.22573,290.3
            -81.63576,8.225569,290.5
            -81.63574,8.225529,290.4
            -81.63566,8.22532,290.1
            -81.6356,8.22512,290
            -81.63555,8.224919,291.3
            -81.63555,8.22488,292.2
            -81.63551,8.2247,295.2
            -81.63545,8.22425,303.6
            -81.63537,8.22373,308.6
            -81.63534,8.223409,311.3
            -81.63533,8.22315,312.8
            -81.635319,8.22288,313.9
            -81.63529,8.22267,314
            -81.63524,8.222429,314.2
            -81.6352,8.22213,315.6
            -81.63518,8.221999,316.1
            -81.63516,8.22178,317.3
            -81.63516,8.22176,317.5
            -81.63514,8.22155,317.8
            -81.6351,8.22124,316.6
            -81.63505,8.22081,314.7
            -81.63503,8.22071,314
            -81.63498,8.22035,312.9
            -81.63491,8.22,311.6
            -81.63488,8.219849,310.5
            -81.63481,8.219379,308.2
            -81.63476,8.219099,307.3
            -81.63468,8.21876,306.8
            -81.63463,8.21855,306.2
            -81.6346,8.218439,305.6
            -81.63457,8.21827,304.4
            -81.63454,8.21793,300.2
            -81.63451,8.21771,297
            -81.63446,8.21748,293.5
            -81.63443,8.217309,294.3
            -81.6344,8.21719,294.5
            -81.63433,8.216989,294.4
            -81.63426,8.216839,293.8
            -81.63418,8.21668,293.3
            -81.63408,8.21649,294.7
            -81.63397,8.21634,295.1
            -81.63394,8.21629,295.4
            -81.63386,8.2162,295.4
            -81.63382,8.21616,295.2
            -81.63365,8.21601,294.2
            -81.63341,8.21585,291.6
            -81.6332,8.215719,291.3
            -81.63312,8.21569,291.1
            -81.63293,8.21561,290.7
            -81.63217,8.21535,290.3
            -81.630889,8.21491,287.6
            -81.63087,8.2149,287.5
            -81.63068,8.214829,287.9
            -81.63055,8.21477,288.7
            -81.63046,8.214729,288.9
            -81.63026,8.21462,289.2
            -81.63014,8.214539,289.3
            -81.63002,8.21443,289.4
            -81.62991,8.21429,291.2
            -81.629859,8.214219,291.9
            -81.62984,8.21419,292.1
            -81.62978,8.21404,290.2
            -81.62973,8.21388,287.7
            -81.62971,8.21374,285.9
            -81.62971,8.213609,284.5
            -81.62975,8.21339,282.6
            -81.62985,8.21306,278.3
            -81.62987,8.21301,277.6
            -81.63001,8.21266,273.2
            -81.63014,8.21224,270.8
            -81.63029,8.21188,268.7
            -81.63038,8.21166,266.4
            -81.63039,8.21165,266.7
            -81.63046,8.211449,269.7
            -81.63051,8.21122,272.9
            -81.63052,8.21114,273.9
            -81.63052,8.21108,274.4
            -81.63052,8.210889,276.3
            -81.63049,8.21068,279.4
            -81.63046,8.21053,281.7
            -81.63043,8.21043,283.1
            -81.63039,8.21034,283.9
            -81.63037,8.21026,285
            -81.63032,8.21014,286
            -81.63026,8.20997,287.6
            -81.63021,8.209899,287.3
            -81.63013,8.20975,287.7
            -81.62997,8.20955,288.3
            -81.62991,8.20949,288.7
            -81.6297,8.20928,291
            -81.62949,8.209059,293.1
            -81.62929,8.20884,293.4
            -81.62904,8.20856,291.7
            -81.62878,8.20824,288.5
            -81.6287,8.208159,287
            -81.6285,8.20795,283.7
            -81.62833,8.20778,281.3
            -81.62832,8.20776,281.3
            -81.62815,8.20761,281.2
            -81.62804,8.20754,281.4
            -81.62788,8.20745,282.6
            -81.62787,8.20745,282.6
            -81.62759,8.207319,285.7
            -81.62731,8.207229,290.2
            -81.62715,8.2072,292.8
            -81.62698,8.20717,295.6
            -81.62671,8.20715,299.3
            -81.62648,8.20716,301.4
            -81.62627,8.207179,303
            -81.62596,8.20726,304.8
            -81.62576,8.20733,306.6
            -81.62552,8.20743,310.3
            -81.62519,8.20763,313.3
            -81.62492,8.20782,312.6
            -81.62454,8.20815,308.6
            -81.62436,8.20828,308.5
            -81.62421,8.20839,308.8
            -81.62418,8.20842,308.7
            -81.62373,8.20876,306.8
            -81.62335,8.209059,306.7
            -81.62322,8.20916,304.7
            -81.62321,8.20917,304.5
            -81.62282,8.209519,301
            -81.62255,8.20978,301.6
            -81.62252,8.209809,301.8
            -81.62215,8.21022,295.1
            -81.62185,8.21057,292.8
            -81.62161,8.210889,293.3
            -81.6214,8.21123,290.6
            -81.62121,8.211539,289.2
            -81.6211,8.21174,288.8
            -81.62094,8.21205,288.6
            -81.62093,8.21208,288.5
            -81.62075,8.21249,287.1
            -81.62074,8.2125,287
            -81.62047,8.21313,278
            -81.6203,8.213509,274.7
            -81.62016,8.21378,273.8
            -81.62,8.21411,274.1
            -81.61991,8.2143,272.1
            -81.61989,8.21435,271.6
            -81.61984,8.21449,270.4
            -81.619829,8.21461,269.7
            -81.61981,8.21476,268.9
            -81.61982,8.21504,267.5
            -81.61986,8.215339,266.1
            -81.61991,8.21565,264.8
            -81.61996,8.21612,263.1
            -81.61997,8.21625,262.7
            -81.61998,8.21645,262.3
            -81.62003,8.21679,262.3
            -81.62003,8.21682,262.3
            -81.62006,8.21712,262.8
            -81.62007,8.21734,263
            -81.62005,8.21758,263.6
            -81.62002,8.21776,264.4
            -81.61999,8.21786,264.7
            -81.619919,8.21804,264.7
            -81.61986,8.21822,265.2
            -81.61978,8.21837,265.3
            -81.61971,8.21846,264.5
            -81.61952,8.21869,264.1
            -81.61938,8.218809,265.3
            -81.61922,8.21894,267.8
            -81.61901,8.219049,269.7
            -81.61879,8.21915,271.6
            -81.6185,8.219239,271.9
            -81.61828,8.219279,272.9
            -81.6174,8.21946,279.1
            -81.617369,8.219469,278.9
            -81.61688,8.21958,278.7
            -81.61655,8.21968,279.8
            -81.61635,8.21974,280.4
            -81.61615,8.21982,281.4
            -81.61593,8.2199,282.6
            -81.61548,8.2201,276.2
            -81.61547,8.2201,276
            -81.61515,8.22024,272.2
            -81.61485,8.220359,271.6
            -81.61443,8.22053,271.1
            -81.61422,8.22059,270
            -81.614009,8.220649,268.2
            -81.61385,8.220649,266.1
            -81.61369,8.220649,263.9
            -81.6135,8.22061,261.1
            -81.61342,8.22058,259.9
            -81.61326,8.22051,258.2
            -81.61302,8.220359,257.1
            -81.61287,8.220219,256.5
            -81.61271,8.22005,256.1
            -81.61248,8.21979,252.9
            -81.61223,8.21949,251
            -81.61214,8.219379,250.2
            -81.61182,8.218959,246.2
            -81.61167,8.21878,244.1
            -81.61135,8.21837,240.7
            -81.61134,8.218349,240.4
            -81.61093,8.21786,239.9
            -81.61088,8.2178,240
            -81.61056,8.21743,243.1
            -81.61013,8.21692,243.5
            -81.60982,8.21654,241.1
            -81.60956,8.21622,238.2
            -81.60928,8.21588,235.9
            -81.60892,8.21545,236.5
            -81.60875,8.215249,234.5
            -81.60868,8.215149,233.4
            -81.60861,8.215059,232.1
            -81.60838,8.214729,228.1
            -81.60817,8.21447,225.5
            -81.60807,8.21434,224.5
            -81.60773,8.213939,222.8
            -81.60751,8.21368,222.2
            -81.6072,8.21336,219.7
            -81.60694,8.213139,212.7
            -81.60677,8.21301,208.5
            -81.60662,8.21291,205.6
            -81.6063,8.21273,202.3
            -81.60605,8.21261,200.8
            -81.60585,8.21252,200.1
            -81.60577,8.21249,199
            -81.60568,8.21246,197.4
            -81.60553,8.21241,194.8
            -81.60529,8.21235,191.2
            -81.60485,8.21228,187.5
            -81.604609,8.212249,187.7
            -81.60455,8.212249,187.7
            -81.6041,8.212249,188.2
            -81.60379,8.212289,187.1
            -81.603399,8.21235,184.8
            -81.60269,8.21249,179.4
            -81.60216,8.21261,172.7
            -81.6013,8.21277,169.4
            -81.60094,8.21283,171.3
            -81.60064,8.212859,170.4
            -81.60048,8.212859,169.2
            -81.60035,8.21284,168.5
            -81.60014,8.21277,167.8
            -81.60002,8.212709,167.6
            -81.59995,8.212669,167.4
            -81.59987,8.21261,167.2
            -81.59977,8.212529,166.9
            -81.5996,8.21232,164.8
            -81.5995,8.21214,163.2
            -81.59945,8.21197,162.3
            -81.59943,8.21181,161.8
            -81.59943,8.211639,161.2
            -81.59944,8.21144,159.1
            -81.59949,8.21113,156.2
            -81.59957,8.21063,151.4
            -81.59961,8.21036,148.5
            -81.599639,8.21008,145.3
            -81.59962,8.209849,143.2
            -81.59957,8.20959,141.2
            -81.59949,8.20941,139.3
            -81.59939,8.20925,137.1
            -81.599279,8.20913,135.9
            -81.59913,8.20899,137.2
            -81.59911,8.20897,137.5
            -81.59903,8.20892,138.1
            -81.59895,8.20888,138.5
            -81.59884,8.208819,139.1
            -81.59867,8.20876,139.4
            -81.59851,8.20872,139.4
            -81.59821,8.20869,138.7
            -81.59791,8.20869,137.5
            -81.59771,8.20871,136.1
            -81.59665,8.208769,130.8
            -81.59546,8.20883,127
            -81.59492,8.20886,125.5
            -81.59463,8.208869,122.8
            -81.59462,8.208869,122.7
            -81.59427,8.20885,120
            -81.59403,8.208819,118
            -81.59375,8.20876,115.8
            -81.59338,8.20864,113.4
            -81.59309,8.20853,110.2
            -81.592879,8.208449,107.8
            -81.59272,8.20839,106
            -81.5925,8.208299,103.7
            -81.59226,8.208209,104.3
            -81.59209,8.208159,104.6
            -81.59193,8.20813,104.5
            -81.591849,8.20811,104.5
            -81.59182,8.2081,104.6
            -81.59173,8.2081,104.2
            -81.5915,8.20808,106.3
            -81.59121,8.20809,109.5
            -81.59096,8.20814,111.4
            -81.59095,8.20814,111.5
            -81.59075,8.2082,112
            -81.59057,8.20827,111
            -81.59027,8.20842,108.6
            -81.58993,8.20866,105.9
            -81.58962,8.208869,105.7
            -81.58953,8.20893,105.7
            -81.58913,8.20919,105.8
            -81.58883,8.209379,104.4
            -81.58865,8.20946,104.2
            -81.58854,8.2095,104.3
            -81.58837,8.20955,104.6
            -81.58822,8.20958,104
            -81.58819,8.20958,103.8
            -81.58795,8.209569,102.7
            -81.58779,8.20953,102
            -81.58762,8.20947,101.1
            -81.58741,8.20933,98.7
            -81.58728,8.20923,96.4
            -81.58719,8.20913,95.3
            -81.58703,8.208959,94.7
            -81.58684,8.2087,94.1
            -81.58682,8.208679,93.9
            -81.586609,8.20838,92.5
            -81.58641,8.20814,91.9
            -81.58625,8.207979,90.3
            -81.58614,8.20789,88.6
            -81.58598,8.20777,85.5
            -81.58575,8.20763,81.1
            -81.58552,8.20752,78
            -81.58502,8.20738,70.5
            -81.58376,8.20701,70.5
            -81.58324,8.206849,70.5
            -81.582759,8.20673,70.6
            -81.58197,8.20655,72.3
            -81.58159,8.206469,74.5
            -81.58136,8.20642,75.7
            -81.58,8.20614,80.5
            -81.57945,8.20603,87.6
            -81.57923,8.20599,90.8
            -81.57883,8.2059,89.2
            -81.57785,8.20569,83.1
            -81.57752,8.20562,80.8
            -81.57732,8.205579,80.5
            -81.57706,8.20553,80.4
            -81.57679,8.2055,80.6
            -81.57657,8.20551,81.9
            -81.57637,8.205539,84.4
            -81.5762,8.20559,86.8
            -81.57608,8.20565,88.8
            -81.57603,8.20567,89.6
            -81.57592,8.20574,91.8
            -81.57588,8.205769,92.6
            -81.57569,8.20593,97.4
            -81.57558,8.20606,99.5
            -81.57544,8.206239,102
            -81.57529,8.20648,104
            -81.57514,8.20675,106.6
            -81.57498,8.20705,112
            -81.57489,8.207219,114.5
            -81.57469,8.20761,121.3
            -81.5745,8.20799,127.5
            -81.57426,8.20846,130.5
            -81.57399,8.20895,138.6
            -81.57398,8.208959,138.9
            -81.573759,8.20936,147.6
            -81.57351,8.20987,152.9
            -81.57348,8.20992,153
            -81.57331,8.21025,156.4
            -81.57315,8.21052,162.6
            -81.57303,8.21071,165.5
            -81.57289,8.21086,167.6
            -81.57271,8.21102,170
            -81.57262,8.21109,170.4
            -81.57246,8.21118,170.5
            -81.57237,8.211209,170.7
            -81.57226,8.21125,170.9
            -81.57214,8.21127,171.1
            -81.57207,8.21128,171.3
            -81.572,8.2113,171.3
            -81.57193,8.2113,171.5
            -81.571879,8.2113,171.6
            -81.57175,8.211309,171.9
            -81.571389,8.211309,172.6
            -81.57102,8.2113,173.3
            -81.57091,8.2113,173.5
            -81.57011,8.21129,167
            -81.56882,8.21127,148.6
            -81.56847,8.21125,144.1
            -81.56834,8.21123,142
            -81.56814,8.21119,138.9
            -81.56795,8.21113,135.7
            -81.56784,8.21109,133.9
            -81.56774,8.211029,131.9
            -81.56765,8.21099,130.5
            -81.56748,8.210879,127.4
            -81.56732,8.210739,123.5
            -81.56719,8.21062,121.7
            -81.56706,8.21049,120.7
            -81.56677,8.2102,121.9
            -81.56644,8.209899,125
            -81.5662,8.209669,128.2
            -81.56596,8.209429,130.1
            -81.56541,8.208819,125
            -81.56532,8.20872,123.2
            -81.56495,8.20833,115
            -81.56444,8.20778,103.7
            -81.56416,8.20747,97.7
            -81.56385,8.20715,92.5
            -81.56356,8.206849,88.5
            -81.56339,8.2067,86.5
            -81.56322,8.20655,86
            -81.56305,8.20642,85.8
            -81.56271,8.20618,85.2
            -81.56231,8.2059,83.2
            -81.56169,8.20546,80.2
            -81.561201,8.205098,76.5
            -81.56096,8.20492,77.4
            -81.560689,8.20472,76.3
            -81.560149,8.20434,74.3
            -81.55976,8.20407,72.9
            -81.559569,8.20395,73
            -81.55933,8.20384,73
            -81.55909,8.20376,73.2
            -81.5589,8.20373,74.2
            -81.5587,8.2037,75.3
            -81.55849,8.20368,76.6
            -81.558269,8.20369,78.5
            -81.55798,8.20376,82
            -81.55797,8.20377,82.2
            -81.557779,8.203849,85.1
            -81.557599,8.20396,88.3
            -81.55748,8.20406,90.5
            -81.55704,8.20452,89.9
            -81.55679,8.20482,90.2
            -81.55655,8.20512,90.6
            -81.55598,8.20578,94.6
            -81.55544,8.20642,99.9
            -81.55516,8.20675,104.9
            -81.55491,8.206989,107.9
            -81.55476,8.20712,107.5
            -81.55461,8.20725,106.8
            -81.55436,8.20742,104.9
            -81.55408,8.20758,104.6
            -81.55402,8.20761,105.2
            -81.55374,8.20775,107.7
            -81.55356,8.207829,109.1
            -81.55352,8.20785,109.4
            -81.55324,8.20797,112.1
            -81.55289,8.208069,116
            -81.55239,8.208209,120.8
            -81.551959,8.20832,122.4
            -81.55126,8.208489,128.9
            -81.55035,8.20872,135.1
            -81.55002,8.20881,136.4
            -81.5498,8.20886,137.3
            -81.54882,8.20913,143.7
            -81.54846,8.20921,145.4
            -81.54816,8.20925,146.8
            -81.54786,8.20926,148.5
            -81.54745,8.20923,149.9
            -81.54694,8.20913,145.8
            -81.54659,8.20903,144.8
            -81.54624,8.208909,148.8
            -81.54565,8.208679,158.2
            -81.54415,8.20815,171
            -81.54336,8.20791,177.6
            -81.54289,8.20777,178.5
            -81.54244,8.20762,179.7
            -81.5415,8.20734,182.7
            -81.54141,8.207319,183.4
            -81.54067,8.20709,192.3
            -81.54044,8.20703,195.9
            -81.540229,8.20698,198.8
            -81.53998,8.206939,201.4
            -81.53961,8.20691,203
            -81.53929,8.20691,204.2
            -81.53872,8.207,207.8
            -81.53804,8.2072,212.1
            -81.53735,8.207409,216.7
            -81.53677,8.20759,220.7
            -81.53649,8.20768,222.8
            -81.53597,8.20785,227.5
            -81.53547,8.20801,230.9
            -81.534139,8.208449,236
            -81.53355,8.20865,240.3
            -81.53307,8.20879,241.9
            -81.532839,8.20885,242.2
            -81.53263,8.20888,242.3
            -81.53255,8.20888,242.3
            -81.53232,8.208869,242.8
            -81.53211,8.20885,243.3
            -81.531899,8.2088,244.1
            -81.5317,8.208729,245.1
            -81.53155,8.20867,246.7
            -81.53137,8.20858,249
            -81.53121,8.20848,251.1
            -81.5311,8.20839,252.5
            -81.531,8.208299,253.9
            -81.53086,8.20817,256
            -81.53074,8.208019,257.1
            -81.53065,8.20786,257.9
            -81.53056,8.20768,258.7
            -81.5305,8.20753,259.2
            -81.53041,8.20726,261.6
            -81.53035,8.207079,263.4
            -81.53003,8.20598,277.1
            -81.52997,8.20581,279.4
            -81.5294,8.20388,304.2
            -81.52924,8.203469,306.6
            -81.52905,8.203049,305.3
            -81.52887,8.20273,303.2
            -81.52835,8.20203,299.8
            -81.52767,8.201169,309.1
            -81.52767,8.20116,309.1
            -81.52696,8.20022,318.2
            -81.52656,8.19973,324.9
            -81.52654,8.19971,325.1
            -81.526259,8.19949,326.7
            -81.52602,8.199339,328
            -81.52576,8.19921,329.6
            -81.525589,8.19912,330.8
            -81.52548,8.19908,331
            -81.52536,8.19903,331.4
            -81.52502,8.19898,331
            -81.52451,8.19899,328.5
            -81.52404,8.19902,326
            -81.52374,8.19904,324.8
            -81.52287,8.199109,322.8
            -81.5215,8.19922,327.8
            -81.52007,8.19927,328.9
            -81.51944,8.19932,330.2
            -81.51915,8.199339,330.5
            -81.51888,8.19938,329
            -81.51879,8.199389,328.5
            -81.51821,8.19949,324.8
            -81.5178,8.19959,321.8
            -81.51777,8.1996,321.5
            -81.51737,8.1997,318
            -81.51648,8.199949,312.4
            -81.51601,8.20007,312
            -81.51513,8.2003,301.1
            -81.51389,8.200659,292.2
            -81.51334,8.200799,295.3
            -81.51317,8.20085,295.7
            -81.51304,8.20088,296
            -81.51232,8.20107,295.1
            -81.512289,8.201079,294.9
            -81.51154,8.20134,285.6
            -81.51131,8.20144,281.4
            -81.51127,8.20146,280.7
            -81.51125,8.20147,280.4
            -81.51082,8.20172,275.5
            -81.510679,8.2018,276.8
            -81.51053,8.2019,278.1
            -81.51017,8.20213,282.2
            -81.50993,8.20231,285.2
            -81.50957,8.20248,290
            -81.509379,8.20254,292.4
            -81.50915,8.20257,295.7
            -81.50908,8.20257,295.3
            -81.508889,8.20255,294.5
            -81.50872,8.202489,294.6
            -81.508349,8.20232,298.5
            -81.50819,8.20223,299.8
            -81.50807,8.20217,300.3
            -81.507949,8.2021,301.1
            -81.507009,8.201589,296.6
            -81.50637,8.20119,292.2
            -81.50587,8.20083,289.9
            -81.50547,8.20053,287.4
            -81.505439,8.2005,287.2
            -81.50535,8.20043,286.2
            -81.5052,8.200329,283.9
            -81.50489,8.20012,280.8
            -81.50473,8.20002,281.5
            -81.50457,8.19993,282.5
            -81.50453,8.199899,282.9
            -81.50443,8.19985,283.1
            -81.50408,8.199719,284.3
            -81.50407,8.199719,284.5
            -81.50378,8.19966,291
            -81.50331,8.19959,300.9
            -81.50259,8.19954,312.4
            -81.50208,8.1995,311.9
            -81.502039,8.19949,311.8
            -81.50199,8.19949,311.5
            -81.50126,8.19942,309.5
            -81.50113,8.19941,309.1
            -81.501,8.1994,308.8
            -81.50064,8.19936,306.3
            -81.49965,8.19926,297.1
            -81.49887,8.19918,296.6
            -81.49812,8.19913,301.5
            -81.49768,8.19908,303.9
            -81.497,8.199109,304.7
            -81.49643,8.199199,304.8
            -81.49585,8.19932,306.6
            -81.495189,8.19954,306.9
            -81.49499,8.19959,306.9
            -81.49431,8.19992,302.5
            -81.49409,8.200049,300.8
            -81.49378,8.200229,296.9
            -81.49349,8.200419,294.1
            -81.49327,8.2006,293.1
            -81.49285,8.20093,292.9
            -81.49282,8.20097,292.8
            -81.49254,8.20123,292.9
            -81.49232,8.20143,295.1
            -81.49197,8.2018,300
            -81.49166,8.202109,301.3
            -81.4916,8.20217,301.4
            -81.49136,8.20242,302.4
            -81.490889,8.20289,307.5
            -81.49058,8.20323,309.5
            -81.49033,8.20358,312.9
            -81.49016,8.20392,317.2
            -81.49007,8.20415,320.5
            -81.48999,8.204409,321.8
            -81.48998,8.20445,321.9
            -81.48994,8.20481,322.2
            -81.48992,8.20499,322.4
            -81.48994,8.20532,325.2
            -81.48999,8.20557,326.7
            -81.49006,8.20585,329.3
            -81.49016,8.20618,330.2
            -81.49033,8.2066,329.1
            -81.49033,8.206609,329.1
            -81.49054,8.20715,326.2
            -81.49067,8.20749,323.8
            -81.49078,8.207839,324.4
            -81.49088,8.208159,325.1
            -81.49096,8.20848,325.5
            -81.49109,8.20912,325.5
            -81.49121,8.20979,322.4
            -81.4913,8.210279,322.6
            -81.491339,8.21048,323.2
            -81.49161,8.21138,324.2
            -81.49163,8.211489,324.6
            -81.49166,8.21165,325
            -81.49167,8.21194,325.3
            -81.49167,8.21203,325.4
            -81.49165,8.212289,326.2
            -81.49158,8.21273,328.1
            -81.49152,8.21291,329.1
            -81.49148,8.21303,329.7
            -81.49128,8.21343,331.5
            -81.49106,8.21376,333.5
            -81.49056,8.21458,334
            -81.49017,8.21518,335.9
            -81.48966,8.21597,343.4
            -81.4893,8.21645,346.1
            -81.48903,8.21673,346.9
            -81.48863,8.21705,346.7
            -81.48839,8.217169,347.6
            -81.488249,8.21725,347.3
            -81.488,8.21733,347.4
            -81.4877,8.2174,348.5
            -81.48769,8.2174,348.6
            -81.487129,8.217449,351.7
            -81.487,8.217449,352.4
            -81.48671,8.217409,354.5
            -81.48657,8.21739,355.3
            -81.48635,8.21733,356.8
            -81.48606,8.21724,359
            -81.48568,8.21702,362.7
            -81.48478,8.216379,370.8
            -81.48394,8.21578,376.5
            -81.48302,8.21513,382.8
            -81.48264,8.21486,388.3
            -81.48199,8.21438,391.6
            -81.48186,8.21427,391.9
            -81.48162,8.21407,392.8
            -81.48102,8.21341,395.8
            -81.48087,8.21322,394.7
            -81.48036,8.2126,392.5
            -81.47948,8.211539,392.8
            -81.479339,8.21133,392.1
            -81.479,8.2109,391.5
            -81.4788,8.21066,391.2
            -81.478489,8.21034,390.5
            -81.47818,8.21005,390
            -81.47789,8.2098,390.4
            -81.47765,8.20964,390.7
            -81.47725,8.20941,390.8
            -81.47698,8.20927,390.3
            -81.47673,8.20916,389.4
            -81.476249,8.209009,391
            -81.47617,8.20898,391.4
            -81.47591,8.208909,392.1
            -81.47545,8.208819,394.7
            -81.47519,8.20879,396
            -81.47496,8.208769,397.1
            -81.47461,8.20876,397.7
            -81.47433,8.20878,398.2
            -81.47387,8.20884,398.4
            -81.47354,8.2089,398.2
            -81.47321,8.20898,399
            -81.473128,8.209007,399.6
            -81.47288,8.20909,401.7
            -81.47264,8.20918,403.8
            -81.47238,8.2093,404.5
            -81.47199,8.2095,404.2
            -81.47177,8.209619,404
            -81.47152,8.20978,403.9
            -81.471369,8.20988,404.2
            -81.47066,8.21044,404.7
            -81.47015,8.21083,405.3
            -81.46995,8.211,406.2
            -81.46973,8.21116,408.3
            -81.46943,8.211349,411.3
            -81.46919,8.21147,414
            -81.46904,8.21152,415
            -81.4689,8.21157,415.9
            -81.468639,8.21163,417.7
            -81.46845,8.211639,419.1
            -81.46836,8.211639,419.7
            -81.46826,8.211639,420.1
            -81.46799,8.21162,421
            -81.46776,8.21158,421.7
            -81.46758,8.21152,422.2
            -81.46736,8.21143,424.3
            -81.46718,8.21134,426.9
            -81.46715,8.211309,427.3
            -81.46704,8.21123,428.9
            -81.46701,8.2112,429.4
            -81.46691,8.211119,430.9
            -81.46671,8.21091,434.2
            -81.46654,8.21075,435.1
            -81.46633,8.21055,434.2
            -81.46617,8.210419,433.3
            -81.46595,8.21024,431.5
            -81.46572,8.210089,428.6
            -81.46535,8.20986,424.6
            -81.46516,8.20975,424.1
            -81.46511,8.20972,424
            -81.46495,8.20964,423.7
            -81.4648,8.20958,422.2
            -81.46465,8.20953,420.8
            -81.4643,8.20944,417.8
            -81.46397,8.20939,414
            -81.46375,8.20936,411.1
            -81.46322,8.20932,404.6
            -81.46284,8.209289,402.8
            -81.46258,8.20927,401.5
            -81.46228,8.20923,401.9
            -81.46209,8.20922,402.4
            -81.461789,8.209199,403.3
            -81.46122,8.209149,403.6
            -81.46096,8.209149,403.3
            -81.46074,8.20916,402.3
            -81.460489,8.20919,399.7
            -81.4602,8.20925,395.9
            -81.45993,8.20932,392.3
            -81.45959,8.20944,388.8
            -81.45933,8.20954,386.4
            -81.45912,8.20963,385.1
            -81.45871,8.20984,384.6
            -81.4584,8.21,383.6
            -81.45807,8.21016,381.7
            -81.45773,8.2103,379.8
            -81.45743,8.2104,378.1
            -81.4573,8.21044,376.4
            -81.456909,8.21055,371.4
            -81.4569,8.21055,371.3
            -81.45659,8.21063,367.3
            -81.45638,8.21066,365
            -81.45613,8.210699,362.1
            -81.45598,8.21071,360.5
            -81.45572,8.21073,358.7
            -81.4554,8.21073,358.3
            -81.45468,8.21072,356.8
            -81.45408,8.21071,354.3
            -81.45393,8.21072,353
            -81.45318,8.21072,345.8
            -81.45207,8.21072,334.7
            -81.451759,8.210739,332.1
            -81.45142,8.21077,329.2
            -81.45115,8.21081,326.9
            -81.4511,8.21082,326.5
            -81.4508,8.21087,324.1
            -81.45034,8.210929,319.5
            -81.44976,8.211029,315
            -81.44936,8.21108,313.2
            -81.449119,8.21111,312.1
            -81.44908,8.21111,311.9
            -81.44866,8.21115,310.3
            -81.44849,8.21116,309.6
            -81.44837,8.21116,309.1
            -81.44811,8.21114,308.9
            -81.4479,8.21111,308.8
            -81.44763,8.21108,308.7
            -81.447329,8.21106,307.3
            -81.44731,8.21106,307.2
            -81.44723,8.21105,306.5
            -81.4471,8.211029,305.3
            -81.44667,8.21094,301.1
            -81.44619,8.21082,300.1
            -81.44589,8.21075,300.1
            -81.44581,8.21072,300
            -81.444509,8.21044,293.8
            -81.44412,8.21036,289.3
            -81.44341,8.21021,281.1
            -81.4434,8.21021,281
            -81.44239,8.20996,281.1
            -81.44149,8.20975,281.1
            -81.44109,8.209659,281.9
            -81.44058,8.20953,282.7
            -81.43993,8.20937,282.4
            -81.43914,8.20919,274.9
            -81.43902,8.20917,273.8
            -81.43859,8.20908,269.2
            -81.43836,8.209049,266.7
            -81.43809,8.20903,263.7
            -81.43783,8.20902,260.8
            -81.43763,8.20903,258.9
            -81.43741,8.209049,256.9
            -81.437029,8.209099,253.6
            -81.43677,8.209149,251.1
            -81.43657,8.20919,249.1
            -81.43625,8.20928,246
            -81.4359,8.20937,242.5
            -81.43558,8.20945,241.3
            -81.43557,8.20945,241.3
            -81.4354,8.20949,240.8
            -81.43526,8.209519,240.4
            -81.43478,8.20964,239.2
            -81.43423,8.20978,237.7
            -81.433719,8.209899,235.8
            -81.433629,8.20992,235.4
            -81.43326,8.21001,233.7
            -81.43279,8.21014,231.5
            -81.43216,8.2103,230.2
            -81.43187,8.210369,230.1
            -81.43161,8.21043,230.4
            -81.43106,8.210559,233.4
            -81.43084,8.210599,234.5
            -81.43065,8.21067,234.6
            -81.43047,8.21075,234.4
            -81.43016,8.2109,233.7
            -81.42997,8.21102,232.9
            -81.42981,8.21113,232.4
            -81.42959,8.21129,231.5
            -81.42932,8.21152,230
            -81.42915,8.211679,229.1
            -81.42899,8.21183,230
            -81.4288,8.21203,230.4
            -81.42829,8.21245,230.6
            -81.42755,8.21315,228.2
            -81.42732,8.21336,227.6
            -81.42656,8.21404,225.1
            -81.42623,8.21428,226.2
            -81.42596,8.21446,227.3
            -81.42546,8.21479,228.6
            -81.42515,8.21496,227.5
            -81.42482,8.215109,226.4
            -81.42438,8.21526,225
            -81.42377,8.21545,219.6
            -81.4234,8.21556,216.6
            -81.42294,8.2157,214.9
            -81.42269,8.215769,213.4
            -81.42249,8.21584,212
            -81.42205,8.21601,208.3
            -81.42168,8.21616,205.5
            -81.42127,8.216329,203
            -81.42093,8.21649,200.4
            -81.42072,8.2166,198.6
            -81.42033,8.21681,195.8
            -81.42009,8.21695,193.6
            -81.41983,8.21711,190.7
            -81.41962,8.21724,187.7
            -81.41947,8.21735,185.2
            -81.41887,8.21775,177.5
            -81.41865,8.2179,175.6
            -81.41835,8.218109,172.4
            -81.41831,8.21813,172
            -81.41716,8.21889,168.6
            -81.41682,8.219139,166.7
            -81.41653,8.21937,163.5
            -81.41641,8.21946,161.7
            -81.41631,8.219559,160.4
            -81.41622,8.21965,159.1
            -81.41611,8.21976,157.4
            -81.41604,8.219849,156.3
            -81.41602,8.21988,156
            -81.41556,8.22051,151.7
            -81.41498,8.221249,146.7
            -81.41485,8.221399,146.1
            -81.41465,8.22161,144.6
            -81.4144,8.221819,142.7
            -81.41429,8.22189,141.7
            -81.41423,8.22193,141.1
            -81.41403,8.22204,139.8
            -81.413839,8.22214,138.5
            -81.41364,8.22222,136.8
            -81.41345,8.22228,134.8
            -81.413259,8.222329,133
            -81.41312,8.22237,131.9
            -81.41293,8.22242,130.1
            -81.412629,8.22249,126.5
            -81.41206,8.222619,126.7
            -81.41155,8.22272,127.2
            -81.41152,8.22273,127.1
            -81.41065,8.22298,125.5
            -81.41043,8.22305,125.5
            -81.41001,8.2232,125.3
            -81.4098,8.22329,125.4
            -81.40975,8.22331,125.4
            -81.40942,8.223459,125.8
            -81.40909,8.22364,126.1
            -81.40823,8.22411,130.7
            -81.40779,8.22437,131.6
            -81.40757,8.224489,131.1
            -81.40746,8.22455,130.5
            -81.40729,8.224629,129.7
            -81.40711,8.2247,129.3
            -81.40694,8.22476,129.1
            -81.40679,8.22481,129.1
            -81.40663,8.22484,129.1
            -81.40647,8.224869,128.1
            -81.4063,8.22489,127.2
            -81.40613,8.2249,126.5
            -81.406,8.2249,126.1
            -81.40599,8.2249,126.1
            -81.40583,8.2249,125.7
            -81.40569,8.22488,125.4
            -81.40526,8.22478,125.7
            -81.40483,8.22466,127.2
            -81.40418,8.22447,129.9
            -81.39991,8.22325,122.7
            -81.39904,8.22302,117.4
            -81.39889,8.222989,116.5
            -81.39838,8.22283,113
            -81.39778,8.22265,112.7
            -81.39746,8.22258,112.9
            -81.39733,8.22255,113.1
            -81.39717,8.22251,113.4
            -81.3969,8.22246,113.8
            -81.3967,8.222429,114.1
            -81.396469,8.2224,114.3
            -81.39606,8.22236,114.7
            -81.39577,8.222329,115.4
            -81.39445,8.222189,120.8
            -81.39408,8.22214,121.3
            -81.39399,8.22213,120.9
            -81.39349,8.221999,119
            -81.39337,8.22197,118.5
            -81.39331,8.22195,118.3
            -81.39313,8.22188,117.6
            -81.39291,8.22179,116.8
            -81.39275,8.221719,116.1
            -81.392529,8.2216,115.7
            -81.39234,8.22146,116.7
            -81.39179,8.22104,116.1
            -81.39145,8.22073,112.1
            -81.39138,8.22068,111.4
            -81.39095,8.22028,108.6
            -81.39032,8.21979,100.9
            -81.38982,8.21937,94.2
            -81.38968,8.21926,93.8
            -81.38931,8.21899,92
            -81.38911,8.218859,90.4
            -81.38908,8.21885,90.2
            -81.38896,8.218769,88.8
            -81.38872,8.218669,86.4
            -81.38846,8.21856,83.8
            -81.38822,8.21851,82.1
            -81.38807,8.218489,81.4
            -81.38798,8.21848,81.1
            -81.3878,8.21847,80.4
            -81.38761,8.21847,79.8
            -81.38744,8.21848,79.5
            -81.38721,8.21852,79.8
            -81.38704,8.21856,80
            -81.38699,8.21857,80
            -81.386889,8.2186,80.2
            -81.38667,8.21866,80.6
            -81.38663,8.218669,80.6
            -81.38652,8.2187,80.8
            -81.38646,8.21873,80.9
            -81.386349,8.21878,81.1
            -81.38615,8.21887,81.4
            -81.38598,8.21897,81.6
            -81.38582,8.21906,81.6
            -81.38536,8.21932,76.3
            -81.38514,8.21944,77.1
            -81.38504,8.2195,77.5
            -81.3848,8.21963,78.4
            -81.384469,8.219799,79.7
            -81.38435,8.219849,80.1
            -81.38322,8.22045,84.5
            -81.3821,8.22105,88.9
            -81.38139,8.22143,88.6
            -81.3811,8.22157,87.6
            -81.381,8.22162,87.2
            -81.3809,8.22166,86.6
            -81.38079,8.2217,86.6
            -81.38061,8.22176,87.5
            -81.38055,8.22178,87.8
            -81.38034,8.2218,88
            -81.38021,8.22181,88.1
            -81.38015,8.2218,88
            -81.37997,8.22178,88.1
            -81.37984,8.22175,89.3
            -81.37973,8.221719,90.1
            -81.37972,8.22171,90.1
            -81.37964,8.22169,90.7
            -81.37938,8.22156,92.8
            -81.37923,8.22147,94
            -81.37917,8.22142,94.4
            -81.37913,8.22138,94.6
            -81.37904,8.221299,95.1
            -81.37895,8.221209,95.4
            -81.37889,8.22114,95.5
            -81.37876,8.22096,95.2
            -81.37868,8.22081,94.9
            -81.37864,8.22073,95.5
            -81.37859,8.22059,96.6
            -81.378559,8.22049,97.4
            -81.37854,8.220409,98.1
            -81.37853,8.22031,98.8
            -81.3785,8.220129,100.1
            -81.3785,8.219049,110.3
            -81.37853,8.21819,111.6
            -81.37854,8.21805,112
            -81.37853,8.217969,112.2
            -81.37853,8.21787,112.5
            -81.37851,8.217639,113.2
            -81.37846,8.217449,113.7
            -81.37845,8.21744,113.7
            -81.37838,8.21723,113.7
            -81.37828,8.21701,113.4
            -81.37823,8.21695,113.3
            -81.37817,8.21686,112.9
            -81.37802,8.21667,111.5
            -81.37784,8.21651,109.4
            -81.37736,8.21618,103.8
            -81.37715,8.216049,102.9
            -81.37654,8.21566,100.1
            -81.37649,8.21563,100.3
            -81.37623,8.21547,101.2
            -81.37531,8.21489,109.9
            -81.37511,8.214779,112.1
            -81.37499,8.21472,113.4
            -81.37488,8.21467,114
            -81.37452,8.214539,117.3
            -81.37439,8.214499,118.9
            -81.37426,8.21447,120.7
            -81.37409,8.21443,122.1
            -81.37393,8.214399,122.4
            -81.37383,8.21438,122.5
            -81.37356,8.21435,123.2
            -81.37355,8.21435,123.2
            -81.37343,8.21434,123.5
            -81.37315,8.21435,121.9
            -81.373009,8.214359,120.4
            -81.37295,8.21437,119.8
            -81.37277,8.21439,118
            -81.3726,8.21442,116.5
            -81.37251,8.21443,115.6
            -81.37247,8.21444,115.4
            -81.37236,8.21446,114.7
            -81.37219,8.21451,114
            -81.372069,8.214549,113.6
            -81.37183,8.21463,113
            -81.37178,8.21465,113
            -81.37163,8.21471,112.7
            -81.37127,8.214869,110.4
            -81.37112,8.21493,108.9
            -81.37081,8.21507,105.6
            -81.37048,8.21522,103.5
            -81.37037,8.21528,102.6
            -81.37015,8.21537,100.3
            -81.36997,8.21545,98.5
            -81.369739,8.21555,98.4
            -81.36968,8.21557,98.5
            -81.369649,8.215579,98.5
            -81.36943,8.21566,98.9
            -81.3694,8.215669,99
            -81.36922,8.215719,99.5
            -81.36913,8.21574,100
            -81.36912,8.21574,100.1
            -81.369,8.215769,101.4
            -81.36891,8.21578,102.1
            -81.36883,8.21579,102.8
            -81.36866,8.215809,104.3
            -81.36848,8.215809,105.6
            -81.36837,8.215809,106.4
            -81.36833,8.215809,106.7
            -81.36829,8.215809,106.6
            -81.368129,8.2158,106.4
            -81.368,8.21579,106.2
            -81.3679,8.215769,105.9
            -81.367679,8.215719,105.5
            -81.36746,8.215669,105.7
            -81.36733,8.215619,106.6
            -81.36727,8.2156,107
            -81.36721,8.215579,107.4
            -81.36681,8.215389,109.8
            -81.36615,8.21507,112.6
            -81.36576,8.21489,114.5
            -81.36553,8.21479,115.6
            -81.36525,8.21467,116.5
            -81.36503,8.214589,116.9
            -81.36487,8.214539,116.6
            -81.36473,8.21451,116.3
            -81.36454,8.21446,115.9
            -81.36416,8.21439,115.4
            -81.36386,8.21437,115.9
            -81.36385,8.21437,115.9
            -81.36366,8.21437,116.3
            -81.36345,8.21437,116.7
            -81.363159,8.21437,117.7
            -81.362889,8.21438,118.9
            -81.3617,8.214449,128.4
            -81.36024,8.21452,139.4
            -81.35934,8.21457,146.4
            -81.35897,8.214589,148.5
            -81.35722,8.214689,148.5
            -81.357069,8.2147,148.5
            -81.35581,8.21476,144.9
            -81.35541,8.21474,145.1
            -81.35515,8.214729,145.2
            -81.35432,8.21466,146.1
            -81.35369,8.2146,147.5
            -81.35225,8.21446,155.7
            -81.35026,8.214259,158.2
            -81.34953,8.21419,156.1
            -81.34791,8.21404,151.4
            -81.34742,8.21399,150
            -81.34688,8.213939,153.3
            -81.34685,8.213929,153.4
            -81.34629,8.21388,159.1
            -81.34597,8.21385,162.8
            -81.3459,8.21385,163.7
            -81.345519,8.21381,165
            -81.34518,8.21378,166.1
            -81.34501,8.21377,166.8
            -81.34481,8.21376,167.2
            -81.3447,8.21376,167.5
            -81.34446,8.213749,168.1
            -81.34397,8.213749,168.5
            -81.3438,8.213749,168.1
            -81.34367,8.213749,167.8
            -81.34325,8.21377,166.4
            -81.34309,8.21378,165
            -81.34291,8.213789,163.5
            -81.34273,8.21381,161.9
            -81.34255,8.21382,160.4
            -81.34254,8.21382,160.3
            -81.342519,8.21382,160.1
            -81.34236,8.213839,160.7
            -81.34222,8.21385,161.5
            -81.34218,8.21386,161.8
            -81.34203,8.21387,162.6
            -81.342,8.21388,162.8
            -81.34187,8.2139,163.7
            -81.34182,8.2139,164
            -81.34164,8.213929,165.2
            -81.34146,8.21396,165.7
            -81.34137,8.21397,165.9
            -81.34128,8.213979,166.1
            -81.3411,8.21401,166.7
            -81.34097,8.21404,167.2
            -81.34092,8.21405,167.4
            -81.34074,8.214079,167.8
            -81.34071,8.214079,167.8
            -81.34057,8.21411,168.1
            -81.34056,8.21411,168.1
            -81.34047,8.21413,168.2
            -81.34038,8.21415,168.3
            -81.3402,8.21419,168.3
            -81.34003,8.21424,168.1
            -81.34,8.21424,168.1
            -81.33985,8.21428,168.4
            -81.33967,8.21433,168.7
            -81.33951,8.21437,168.8
            -81.3395,8.21437,168.9
            -81.33932,8.21443,168.9
            -81.33915,8.21448,168.9
            -81.33897,8.21453,168.7
            -81.33888,8.21456,168.6
            -81.33884,8.21457,168.5
            -81.33866,8.21463,168.4
            -81.338489,8.21468,168.3
            -81.33836,8.214729,168.3
            -81.33832,8.21474,168.3
            -81.33815,8.2148,167.8
            -81.33798,8.21486,167.2
            -81.3378,8.214919,166.4
            -81.33763,8.214969,165.6
            -81.337459,8.21503,164.8
            -81.33729,8.21509,164
            -81.33712,8.215149,163.3
            -81.33699,8.21519,162.7
            -81.33694,8.215199,162.5
            -81.33677,8.21526,161.7
            -81.3366,8.21532,160.9
            -81.336429,8.21538,160
            -81.33626,8.215439,159.1
            -81.33613,8.215479,158.5
            -81.33608,8.21549,158.2
            -81.33591,8.21555,157.3
            -81.33574,8.21561,157
            -81.33557,8.215669,157.4
            -81.3354,8.215719,158
            -81.33522,8.21578,158.8
            -81.33505,8.21584,159.7
            -81.33488,8.2159,160.2
            -81.33471,8.21596,160.7
            -81.33458,8.215999,161
            -81.33453,8.21601,161.2
            -81.33436,8.21607,161.5
            -81.33419,8.21613,161.8
            -81.33402,8.216189,161.7
            -81.33385,8.21624,161.6
            -81.33367,8.2163,161.6
            -81.33354,8.21635,161.5
            -81.33269,8.21664,161.1
            -81.33131,8.21711,163.4
            -81.33114,8.217169,163.7
            -81.33011,8.21751,168.8
            -81.329939,8.21757,168.7
            -81.32966,8.21766,166.8
            -81.32944,8.21773,165.3
            -81.3293,8.21777,164.3
            -81.32924,8.217779,164.1
            -81.32901,8.21782,163.1
            -81.32874,8.21785,162.4
            -81.32854,8.21786,162.1
            -81.32834,8.21786,162
            -81.32831,8.21786,162.1
            -81.32808,8.21785,163
            -81.327879,8.217829,163.7
            -81.327789,8.21782,164.1
            -81.32767,8.2178,164.5
            -81.32734,8.21772,165.6
            -81.32722,8.21768,166
            -81.3271,8.217639,166.3
            -81.32687,8.217549,166.7
            -81.32673,8.217499,166.8
            -81.32659,8.21743,167.9
            -81.3265,8.21738,168.6
            -81.32629,8.217269,170.3
            -81.32619,8.21721,171
            -81.32604,8.21711,172
            -81.325819,8.21695,173.3
            -81.32555,8.216749,173.1
            -81.32544,8.21665,173.1
            -81.32522,8.21648,173
            -81.32444,8.21588,174
            -81.32398,8.21552,175.6
            -81.32386,8.215439,176.2
            -81.322999,8.214779,177.1
            -81.32294,8.214729,177
            -81.32218,8.21415,176.5
            -81.32183,8.213889,173.9
            -81.32166,8.21376,172.6
            -81.32146,8.21364,171.8
            -81.32124,8.2135,170.4
            -81.32106,8.2134,169.1
            -81.32083,8.21327,167.5
            -81.32013,8.21293,168.9
            -81.31953,8.21263,165.9
            -81.31937,8.21254,164.5
            -81.31904,8.21237,162.7
            -81.31856,8.21213,161.1
            -81.31791,8.21181,160
            -81.3174,8.21155,158.8
            -81.31674,8.21122,155.2
            -81.31625,8.21097,154
            -81.31518,8.21041,151.9
            -81.31453,8.21008,152.8
            -81.31291,8.20927,159
            -81.31204,8.20883,158.3
            -81.31094,8.208259,154.2
            -81.310419,8.208,150.6
            -81.31013,8.20786,148
            -81.30913,8.20734,135.8
            -81.309119,8.20733,135.7
            -81.30884,8.20719,134.4
            -81.308449,8.207,132.5
            -81.30825,8.20691,131.5
            -81.30765,8.20664,126.5
            -81.307239,8.20648,124.2
            -81.307149,8.20644,123.7
            -81.306569,8.206239,121.8
            -81.3062,8.20612,120.8
            -81.30594,8.206049,120
            -81.30539,8.20592,118.7
            -81.30512,8.205859,118.2
            -81.30464,8.20578,119
            -81.30452,8.205769,119.3
            -81.30435,8.20574,119.6
            -81.30416,8.205719,119.9
            -81.30367,8.20566,117
            -81.30271,8.20555,112
            -81.30229,8.2055,109.8
            -81.30156,8.20542,106.7
            -81.3014,8.20541,106.4
            -81.29968,8.20522,102.2
            -81.298959,8.20514,100.5
            -81.29836,8.205069,103.3
            -81.298,8.20503,104.9
            -81.29769,8.205,106.4
            -81.29714,8.20494,109
            -81.29588,8.2048,114.9
            -81.2948,8.20468,121.1
            -81.293809,8.20458,126.8
            -81.29353,8.20456,129
            -81.29335,8.204549,130.4
            -81.29327,8.20454,131.2
            -81.29291,8.204549,135.2
            -81.29262,8.20456,138.3
            -81.29244,8.20457,139.9
            -81.29224,8.20459,140.9
            -81.29198,8.20462,142.2
            -81.29154,8.20467,143.2
            -81.29118,8.20472,141.7
            -81.291,8.204739,141
            -81.29046,8.20481,136.4
            -81.28972,8.20492,130.1
            -81.289199,8.20498,128.1
            -81.28759,8.20519,106.7
            -81.286019,8.205399,95.5
            -81.28559,8.20546,94.2
            -81.28496,8.20555,91.8
            -81.2846,8.2056,90.1
            -81.284,8.20569,87.7
            -81.28342,8.205769,86
            -81.28263,8.205859,81.7
            -81.28262,8.205859,81.7
            -81.28229,8.20589,81.6
            -81.28143,8.20597,84.2
            -81.27976,8.206099,85.7
            -81.279439,8.20613,84.4
            -81.27772,8.206289,76.1
            -81.27732,8.206329,73.3
            -81.2773,8.206329,73.3
            -81.27689,8.20637,72.4
            -81.27632,8.20642,71.6
            -81.27525,8.20654,71.8
            -81.27484,8.20659,72.6
            -81.27479,8.20659,72.7
            -81.27458,8.20663,73.1
            -81.27443,8.20665,73.4
            -81.27405,8.20673,75.1
            -81.27346,8.20686,77.9
            -81.273079,8.20693,79
            -81.27277,8.207,79.6
            -81.27256,8.20703,79.9
            -81.27239,8.20706,79.4
            -81.27221,8.20709,78.6
            -81.27204,8.20709,78.1
            -81.27193,8.207079,77.8
            -81.27191,8.207079,77.8
            -81.27181,8.20707,77.6
            -81.27164,8.20705,77.2
            -81.27154,8.20703,76.8
            -81.27145,8.20701,76.4
            -81.27139,8.207,76.1
            -81.27137,8.206989,76.1
            -81.27126,8.20695,75.7
            -81.27115,8.20691,75.2
            -81.27104,8.20686,74.8
            -81.27088,8.20677,74
            -81.27073,8.20669,73.4
            -81.2706,8.20659,73
            -81.27048,8.2065,72.5
            -81.27039,8.20641,72.2
            -81.27032,8.20634,71.9
            -81.270259,8.20627,71.7
            -81.27011,8.20611,71.2
            -81.26998,8.20594,70.8
            -81.26938,8.20519,70.5
            -81.2693,8.20508,70.9
            -81.2691,8.20482,71.3
            -81.26886,8.20451,72.2
            -81.26886,8.204499,72.3
            -81.26871,8.20431,73.2
            -81.26842,8.20397,75
            -81.268289,8.20381,75.4
            -81.26823,8.20372,75.4
            -81.26812,8.203569,75.5
            -81.26796,8.20336,75.5
            -81.26781,8.20317,76
            -81.26774,8.20309,76.1
            -81.267529,8.202819,76.3
            -81.26733,8.20256,76.9
            -81.26721,8.20242,77.3
            -81.26696,8.20217,78.6
            -81.26652,8.2018,81.8
            -81.26603,8.201449,84.6
            -81.265739,8.20128,86.3
            -81.26559,8.2012,87.1
            -81.26524,8.20102,87.8
            -81.2651,8.20096,87.7
            -81.26502,8.20092,87.5
            -81.26466,8.20078,86.3
            -81.26459,8.200749,86
            -81.264349,8.20068,84.7
            -81.26411,8.200609,83
            -81.2638,8.20053,80.2
            -81.26357,8.20049,78.5
            -81.26345,8.200469,77.6
            -81.263319,8.20044,76.7
            -81.26252,8.20036,75
            -81.26246,8.20035,74.9
            -81.26154,8.20025,72.9
            -81.26099,8.200189,72.4
            -81.26083,8.20017,72
            -81.2603,8.20011,70.3
            -81.2594,8.20001,67.6
            -81.25825,8.19988,68.9
            -81.25751,8.1998,68.7
            -81.257409,8.19979,68.6
            -81.25721,8.199759,68.4
            -81.25585,8.199579,72.9
            -81.25528,8.19951,73.6
            -81.25525,8.1995,73.6
            -81.25433,8.19937,65.5
            -81.25344,8.19924,55.8
            -81.25315,8.199199,53.6
            -81.25302,8.19919,52.7
            -81.2523,8.199109,54.2
            -81.25174,8.19905,55.3
            -81.25105,8.19898,56.8
            -81.24834,8.19867,62.5
            -81.24672,8.19849,60
            -81.24509,8.198309,65.6
            -81.24401,8.19819,73.1
            -81.24329,8.1981,77.8
            -81.24274,8.19804,78.4
            -81.24181,8.197939,77.6
            -81.241739,8.197932,77.5
            -81.24155,8.19791,77.3
            -81.24115,8.19787,76.5
            -81.23938,8.19767,72.8
            -81.239369,8.19767,72.8
            -81.23792,8.19752,71
            -81.23738,8.197459,72.1
            -81.23638,8.19735,72.8
            -81.2363,8.19734,72.7
            -81.23558,8.19725,73.1
            -81.234489,8.19713,76.8
            -81.23435,8.19711,77.5
            -81.23233,8.19688,97.5
            -81.23156,8.1968,100
            -81.23056,8.19669,102.3
            -81.23013,8.19663,102.9
            -81.22984,8.1966,102.5
            -81.228579,8.19646,97.4
            -81.22821,8.19642,95.1
            -81.22713,8.1963,87.3
            -81.22659,8.196239,85.1
            -81.22641,8.19622,85.5
            -81.2246,8.196009,89.3
            -81.22388,8.19594,92.4
            -81.2234,8.19589,93.6
            -81.22307,8.19586,93.4
            -81.22279,8.19585,93.2
            -81.22274,8.19585,93.2
            -81.22244,8.19586,93.5
            -81.22216,8.19588,94.7
            -81.22197,8.1959,95.5
            -81.22171,8.19595,96.7
            -81.22158,8.19598,97.4
            -81.22145,8.196,97.9
            -81.22129,8.19604,98.7
            -81.22116,8.19608,99.4
            -81.22099,8.19613,100.3
            -81.22084,8.19618,101.1
            -81.22036,8.196339,101.5
            -81.2195,8.19663,102.8
            -81.21909,8.196759,103
            -81.21878,8.196859,101.5
            -81.21861,8.19691,100.6
            -81.21843,8.19696,99.7
            -81.21829,8.196999,99.1
            -81.21813,8.19703,98.7
            -81.21793,8.19707,98.2
            -81.2178,8.197089,97.9
            -81.21758,8.19712,97.5
            -81.216669,8.19725,99.4
            -81.216489,8.19727,100.9
            -81.21638,8.19729,101.7
            -81.21604,8.19734,104.2
            -81.21559,8.1974,107.1
            -81.21534,8.19743,108.5
            -81.21469,8.19753,112.8
            -81.21453,8.197559,114.1
            -81.21431,8.19762,115.8
            -81.21411,8.19768,117
            -81.214,8.19771,117.5
            -81.21354,8.19788,120
            -81.21321,8.19804,122.6
            -81.212999,8.19815,124.6
            -81.21268,8.19832,127.3
            -81.21221,8.198589,126.4
            -81.21176,8.19885,128.9
            -81.21119,8.199159,133.2
            -81.2111,8.19921,133.6
            -81.2105,8.19954,133
            -81.21017,8.19973,132.6
            -81.20981,8.199909,132.6
            -81.2097,8.19996,132.4
            -81.20946,8.20007,132.2
            -81.20933,8.20012,132.3
            -81.20918,8.200189,132.6
            -81.208879,8.20031,137.1
            -81.20863,8.2004,140.5
            -81.2083,8.200519,144.3
            -81.20778,8.20067,147.1
            -81.2073,8.200799,148.7
            -81.20726,8.20081,148.9
            -81.206819,8.20092,151.9
            -81.20665,8.200939,152.9
            -81.20585,8.20106,158
            -81.20508,8.201169,163.7
            -81.205029,8.20118,164
            -81.20431,8.201269,171.5
            -81.20413,8.20129,173.2
            -81.20363,8.201359,175.4
            -81.20246,8.201499,178.8
            -81.20215,8.20154,180.2
            -81.20143,8.20162,181.1
            -81.201269,8.201639,180.2
            -81.19983,8.20181,176.9
            -81.19843,8.20199,176.9
            -81.19734,8.20212,175.1
            -81.19691,8.20218,175.5
            -81.19583,8.20231,174.9
            -81.19484,8.20242,175.9
            -81.19458,8.20246,174
            -81.19423,8.2025,171.5
            -81.19243,8.20273,166.8
            -81.19134,8.20288,168.7
            -81.19085,8.20294,171.1
            -81.19045,8.20299,173.3
            -81.19013,8.20303,174.7
            -81.18972,8.20309,174.8
            -81.18959,8.203099,174.8
            -81.18919,8.20312,174.9
            -81.18881,8.20312,172.7
            -81.18848,8.20309,171.3
            -81.18827,8.20306,170.4
            -81.188149,8.203049,169.6
            -81.18793,8.20299,168.5
            -81.18754,8.202859,165.7
            -81.18735,8.20279,164.2
            -81.18728,8.20276,163.7
            -81.18717,8.20271,162.8
            -81.18498,8.20185,156.7
            -81.18483,8.201779,156.9
            -81.183449,8.201219,156.8
            -81.18333,8.201169,157.2
            -81.1818,8.20057,157.1
            -81.18158,8.200469,156.5
            -81.18088,8.200189,155.3
            -81.18016,8.199899,154.3
            -81.17955,8.199669,154.1
            -81.1794,8.19961,153.9
            -81.17863,8.199289,151.7
            -81.17837,8.19919,151.1
            -81.1778,8.198969,152
            -81.1777,8.19893,152.3
            -81.17577,8.19815,151.1
            -81.17551,8.19804,150.8
            -81.1754,8.198,150.7
            -81.17491,8.1978,149.7
            -81.17389,8.1974,146.1
            -81.17383,8.197369,145.9
            -81.17338,8.19719,145
            -81.17156,8.19645,147.6
            -81.17149,8.196429,147.8
            -81.16981,8.19576,147.1
            -81.16919,8.195499,143.3
            -81.16867,8.1953,144.2
            -81.16739,8.194789,141.7
            -81.16715,8.19469,141.3
            -81.166929,8.19461,140.9
            -81.16636,8.19438,139.9
            -81.16596,8.19421,139.3
            -81.16534,8.193949,138.8
            -81.16533,8.193949,138.7
            -81.16454,8.193619,135.5
            -81.16449,8.1936,135.3
            -81.16398,8.1934,133.4
            -81.16364,8.19327,132.2
            -81.16333,8.19317,131.2
            -81.16311,8.193099,131
            -81.16294,8.19307,130.7
            -81.16276,8.19303,130.4
            -81.16269,8.19302,130.2
            -81.16244,8.19299,129.6
            -81.16219,8.19298,128.9
            -81.16194,8.19298,128.2
            -81.16167,8.193009,127.4
            -81.16156,8.19302,127.2
            -81.16067,8.19316,125.6
            -81.15797,8.19356,122.3
            -81.15689,8.19372,120.1
            -81.15556,8.19392,118.9
            -81.15438,8.194089,121.6
            -81.15304,8.19429,121.7
            -81.15274,8.19433,122
            -81.15149,8.19452,121.5
            -81.15107,8.19459,120.6
            -81.14999,8.19475,123.4
            -81.14937,8.19483,126.3
            -81.14884,8.19492,128
            -81.14873,8.194929,128.2
            -81.14865,8.19494,128.4
            -81.14843,8.19496,128.9
            -81.14818,8.19495,128.6
            -81.14803,8.19494,128.2
            -81.1479,8.19492,127.8
            -81.14775,8.194889,127.5
            -81.14753,8.19483,127.1
            -81.14733,8.19476,128.1
            -81.147139,8.19468,129.1
            -81.147049,8.19464,129.5
            -81.14697,8.194599,129.7
            -81.14684,8.19453,130.1
            -81.14674,8.194459,130.3
            -81.14655,8.194319,129.9
            -81.1463,8.1941,129.6
            -81.14613,8.19394,130
            -81.14595,8.19369,130.4
            -81.14583,8.1935,130.4
            -81.14569,8.193239,130.1
            -81.14563,8.19309,130.1
            -81.14554,8.19285,130.1
            -81.145529,8.192819,130.1
            -81.14548,8.19265,130.1
            -81.1454,8.19239,130.4
            -81.14523,8.19187,129.1
            -81.14512,8.19163,126.4
            -81.14509,8.19157,125.6
            -81.14503,8.19145,123.9
            -81.14494,8.191319,123.1
            -81.14482,8.19112,122.6
            -81.14474,8.19102,121.9
            -81.14467,8.190939,121
            -81.14452,8.190799,119.1
            -81.14448,8.19077,118.8
            -81.14444,8.19073,118.6
            -81.14426,8.19058,117.3
            -81.14408,8.19045,115.9
            -81.14379,8.190289,114.3
            -81.14361,8.1902,113.1
            -81.14357,8.190189,112.8
            -81.14339,8.19012,111.5
            -81.14323,8.19008,110.6
            -81.14297,8.190009,109.3
            -81.14287,8.18999,108.8
            -81.14198,8.1898,106.9
            -81.14127,8.18965,105.3
            -81.14039,8.18946,99.9
            -81.13967,8.18931,96.6
            -81.13879,8.18913,95.5
            -81.13815,8.189,94.5
            -81.13809,8.18899,94.4
            -81.13792,8.18894,94.2
            -81.13768,8.188879,94.1
            -81.13762,8.18887,94
            -81.1374,8.18882,94
            -81.136709,8.18868,94.2
            -81.13584,8.188499,92.8
            -81.13489,8.188309,97.3
            -81.13442,8.1882,99
            -81.13418,8.18815,100.1
            -81.13393,8.18811,100.2
            -81.133799,8.18809,100.3
            -81.13364,8.188079,100.2
            -81.133439,8.18806,100.1
            -81.13314,8.188079,99.7
            -81.13284,8.18811,99.3
            -81.13271,8.188129,99.1
            -81.13257,8.18816,98.7
            -81.13231,8.188219,97.6
            -81.13197,8.18833,96.2
            -81.13178,8.1884,95.5
            -81.13111,8.18863,97.2
            -81.13076,8.18875,97
            -81.13075,8.18875,96.9
            -81.13049,8.188829,95
            -81.13019,8.18889,92.9
            -81.12988,8.188929,91.6
            -81.12955,8.18895,91.8
            -81.12932,8.18895,91.9
            -81.12927,8.18895,91.9
            -81.12897,8.18894,92.5
            -81.12857,8.1889,93.4
            -81.12825,8.18884,94
            -81.12824,8.18884,94
            -81.12802,8.1888,93.9
            -81.12774,8.18872,93.6
            -81.12736,8.188599,92.5
            -81.1266,8.18835,89.9
            -81.12522,8.18787,86.7
            -81.12515,8.187849,86.7
            -81.12419,8.187519,87.9
            -81.124039,8.187469,89.1
            -81.12264,8.186999,97.5
            -81.12167,8.18668,94.1
            -81.12027,8.18623,89.9
            -81.11971,8.18604,89.2
            -81.11747,8.18528,88.3
            -81.11708,8.18515,85.4
            -81.1156,8.18467,81.4
            -81.11502,8.184469,82
            -81.11481,8.18438,81.5
            -81.11467,8.184329,81.2
            -81.11456,8.18426,80.8
            -81.11394,8.18392,78.8
            -81.11378,8.183809,78.5
            -81.11319,8.18343,78.7
            -81.11273,8.18313,78.9
            -81.11257,8.18303,78.7
            -81.11131,8.18223,71
            -81.11039,8.18164,71
            -81.11028,8.18157,71.1
            -81.1097,8.1812,70.8
            -81.10878,8.180619,67.9
            -81.10588,8.17878,67.9
            -81.10481,8.1781,68.8
            -81.10435,8.177799,69.4
            -81.10282,8.17683,65.2
            -81.10236,8.176539,64.7
            -81.10175,8.17615,64.3
            -81.10129,8.17586,63.6
            -81.100579,8.1754,61.8
            -81.10014,8.17512,60.5
            -81.09994,8.174989,60.1
            -81.099369,8.17463,61.1
            -81.09784,8.17366,60.4
            -81.09743,8.17341,59.6
            -81.09616,8.17259,64.2
            -81.09484,8.171749,67.3
            -81.0947,8.171659,67.4
            -81.09368,8.17101,67.6
            -81.09307,8.170629,66.8
            -81.092969,8.17057,66.7
            -81.09281,8.17047,66.5
            -81.09235,8.17018,65.6
            -81.09205,8.16998,65.4
            -81.09166,8.169739,64.7
            -81.09113,8.1694,62.6
            -81.08945,8.168329,60
            -81.08872,8.167859,57.4
            -81.08826,8.16756,56
            -81.086879,8.166689,56.2
            -81.086119,8.166209,56.7
            -81.08535,8.16572,56
            -81.08474,8.16534,57.7
            -81.08428,8.165039,59.6
            -81.084,8.16487,59.2
            -81.08333,8.16451,59
            -81.08326,8.16447,59.1
            -81.08254,8.16414,59.9
            -81.08234,8.164059,60
            -81.08217,8.16399,60.2
            -81.081999,8.16393,60.5
            -81.08184,8.16386,60.9
            -81.08179,8.16384,61.1
            -81.08132,8.1637,60.7
            -81.08114,8.163639,60.4
            -81.08113,8.163639,60.3
            -81.08101,8.1636,60.1
            -81.08082,8.163539,59.7
            -81.08038,8.16342,58.8
            -81.08017,8.16338,58.3
            -81.07764,8.162879,61.9
            -81.07634,8.16261,61.7
            -81.07424,8.16217,65.7
            -81.073359,8.16198,65.6
            -81.07247,8.16179,67.6
            -81.07183,8.16165,68.8
            -81.07145,8.16156,69.3
            -81.0708,8.16144,69.7
            -81.07007,8.161289,73.4
            -81.06865,8.16099,74.3
            -81.06843,8.16095,74.3
            -81.06772,8.1608,74.1
            -81.06525,8.16027,75.1
            -81.06365,8.15994,73.2
            -81.06222,8.15964,69.2
            -81.06062,8.1593,69.4
            -81.05956,8.159079,65.9
            -81.05927,8.15902,65.4
            -81.059209,8.15901,65.3
            -81.0585,8.158849,66.4
            -81.05726,8.15859,66
            -81.05658,8.15845,66.2
            -81.05515,8.158149,70.8
            -81.05419,8.15795,72.5
            -81.05282,8.15766,71.9
            -81.05202,8.15748,73.5
            -81.05185,8.157439,73.8
            -81.05167,8.15741,74.2
            -81.05116,8.157299,75.3
            -81.05063,8.15718,75.7
            -81.05045,8.15715,74.7
            -81.05045,8.15714,74.7
            -81.05004,8.15705,72.3
            -81.04951,8.156879,74.1
            -81.04909,8.15675,75.2
            -81.048869,8.15667,75.4
            -81.04874,8.15663,75.6
            -81.04827,8.156449,76.2
            -81.04747,8.156079,73.7
            -81.04706,8.15588,72.8
            -81.04664,8.155659,71.1
            -81.0466,8.15564,71.3
            -81.04607,8.1553,73.2
            -81.04473,8.15438,78
            -81.044569,8.15426,78.2
            -81.04428,8.15405,79.6
            -81.04385,8.15376,85.3
            -81.04329,8.15338,92.4
            -81.04308,8.15323,91.2
            -81.04285,8.15307,89.7
            -81.04243,8.15278,88.1
            -81.04207,8.15252,89
            -81.04171,8.15227,90.2
            -81.04131,8.15199,89.6
            -81.04114,8.15187,89.3
            -81.04086,8.151669,89.1
            -81.04052,8.151429,92.5
            -81.04006,8.15112,96.1
            -81.03956,8.1508,99
            -81.03912,8.15049,98.4
            -81.03785,8.149609,98
            -81.03728,8.14922,99.8
            -81.03651,8.14869,100.8
            -81.0355,8.148,106.3
            -81.03531,8.147869,107.1
            -81.03474,8.14747,107.1
            -81.03363,8.146699,105
            -81.03316,8.146369,105.6
            -81.03282,8.14615,106.7
            -81.03278,8.14612,106.9
            -81.032079,8.14565,108.1
            -81.03179,8.14547,108.1
            -81.03159,8.14537,108.4
            -81.03146,8.14531,109
            -81.03131,8.14526,109.7
            -81.03128,8.14525,109.9
            -81.03089,8.14513,111.7
            -81.03057,8.14506,111.7
            -81.03034,8.14502,111.4
            -81.030019,8.145,111
            -81.029439,8.144959,115.1
            -81.02888,8.14493,117.5
            -81.02763,8.14486,120.1
            -81.02715,8.144819,122.1
            -81.02675,8.14479,123.9
            -81.02648,8.14476,125.1
            -81.02618,8.144729,126.5
            -81.02614,8.144719,126.7
            -81.02598,8.1447,127.4
            -81.02556,8.14462,128.6
            -81.02529,8.14457,128.8
            -81.02506,8.14451,128.8
            -81.02475,8.14443,128.8
            -81.02449,8.144349,128.9
            -81.02425,8.14427,129
            -81.02372,8.144069,130
            -81.023619,8.14403,130.2
            -81.02343,8.14396,130.4
            -81.02334,8.14392,130.4
            -81.02318,8.14385,130.2
            -81.02288,8.14371,129.6
            -81.02219,8.143409,127.8
            -81.021559,8.14315,127.1
            -81.018469,8.14181,118.8
            -81.01794,8.14159,117.9
            -81.0178,8.141529,117.8
            -81.0175,8.14141,117.7
            -81.016499,8.140969,115
            -81.01633,8.1409,114.7
            -81.01523,8.140409,115
            -81.01394,8.13986,117.2
            -81.01287,8.13939,118.7
            -81.0127,8.13931,119
            -81.01266,8.1393,119
            -81.01221,8.139099,119.2
            -81.01195,8.13899,119.4
            -81.01094,8.13856,119.4
            -81.01025,8.13827,117.6
            -81.00928,8.137829,112.7
            -81.00922,8.1378,112.3
            -81.00847,8.13747,114.6
            -81.00845,8.13746,114.7
            -81.006739,8.13667,113.3
            -81.00639,8.1365,111.7
            -81.0056,8.13615,108
            -81.005529,8.13612,107.9
            -81.00476,8.13582,106.7
            -81.00341,8.13523,105.6
            -81.0032,8.13514,105.2
            -81.00237,8.13477,102.9
            -81.00176,8.13451,100.8
            -81.00114,8.13424,98.9
            -81.000919,8.13415,98.3
            -80.99981,8.13368,99.8
            -80.99975,8.133649,99.6
            -80.99849,8.1331,96.2
            -80.99781,8.132809,96.4
            -80.99706,8.13249,95.5
            -80.99596,8.132009,96.4
            -80.99545,8.1318,97
            -80.99495,8.13158,98
            -80.9946,8.13142,98
            -80.994159,8.13123,98
            -80.9929,8.130699,100.8
            -80.99272,8.13061,100.5
            -80.99215,8.130369,98.8
            -80.99167,8.13016,96.6
            -80.99093,8.129849,95.9
            -80.98929,8.12913,96.8
            -80.98879,8.12892,96.1
            -80.98833,8.12871,95.6
            -80.987399,8.12832,98.2
            -80.98624,8.12781,101.1
            -80.98591,8.12767,101.9
            -80.98491,8.12723,100.9
            -80.98447,8.12705,102.1
            -80.98359,8.12668,103
            -80.98308,8.12646,104
            -80.98258,8.126239,105.3
            -80.98213,8.126049,105.8
            -80.9819,8.12594,105.9
            -80.98135,8.12571,106.6
            -80.98105,8.12557,107.2
            -80.98085,8.125489,107.5
            -80.980639,8.12538,107.5
            -80.98045,8.12528,107.5
            -80.9802,8.12512,107.7
            -80.98007,8.12503,107.9
            -80.97998,8.12496,108
            -80.97978,8.12479,107.4
            -80.97967,8.124689,107.1
            -80.97957,8.12459,106.7
            -80.97945,8.124459,106.3
            -80.97931,8.12429,105.6
            -80.9792,8.12416,105.1
            -80.97912,8.12405,105.1
            -80.97896,8.123799,105.3
            -80.9789,8.12369,105.4
            -80.9788,8.12349,105.7
            -80.97856,8.12302,105.7
            -80.9783,8.12243,104.8
            -80.97758,8.12093,102.9
            -80.977272,8.120274,101.4
            -80.97681,8.119289,98.4
            -80.97541,8.11635,92.5
            -80.97511,8.115729,87.8
            -80.97499,8.115449,86.6
            -80.97487,8.11519,86.1
            -80.97439,8.11417,84.9
            -80.97403,8.11341,83.8
            -80.97367,8.11266,88
            -80.97326,8.1118,91.8
            -80.97294,8.1111,93
            -80.97273,8.11069,93.3
            -80.97259,8.11039,93.2
            -80.97247,8.110139,93
            -80.972399,8.109999,93
            -80.97167,8.108409,90.1
            -80.97151,8.10812,90.5
            -80.97101,8.10706,89.8
            -80.97073,8.10646,89
            -80.97065,8.10629,88.9
            -80.970609,8.106199,88.8
            -80.96998,8.10487,89
            -80.9692,8.103199,94.2
            -80.968639,8.10202,92.9
            -80.96854,8.10183,92.9
            -80.96847,8.10169,93.1
            -80.96841,8.101599,93.3
            -80.96831,8.10145,93.5
            -80.96825,8.10136,93.7
            -80.96817,8.10125,93.9
            -80.96811,8.10117,94
            -80.96802,8.10108,94.1
            -80.96784,8.10087,94.3
            -80.96763,8.10068,94.2
            -80.96747,8.10056,94
            -80.9674,8.10051,94
            -80.96728,8.10042,94
            -80.96712,8.10032,93.9
            -80.96702,8.10025,93.8
            -80.967,8.10023,93.7
            -80.966849,8.10016,93.5
            -80.96668,8.100099,93.3
            -80.96646,8.100009,93.5
            -80.96625,8.09995,93.9
            -80.96575,8.09983,94.5
            -80.96457,8.09958,90.7
            -80.96393,8.099449,90.8
            -80.9638,8.09943,90.8
            -80.96338,8.09934,91.3
            -80.9631,8.09928,91.6
            -80.96258,8.09918,92
            -80.96193,8.09905,92.2
            -80.96167,8.098979,92.2
            -80.96145,8.098929,92
            -80.96123,8.09885,91.9
            -80.96105,8.09877,91.7
            -80.96082,8.09866,91.6
            -80.96057,8.098509,91.9
            -80.96032,8.09834,92
            -80.95961,8.097799,95.5
            -80.95942,8.097659,96.6
            -80.95885,8.097239,98.8
            -80.95865,8.09709,99.2
            -80.95805,8.09664,101.3
            -80.957939,8.09656,101.7
            -80.95781,8.09648,102.1
            -80.95768,8.096389,102.4
            -80.95757,8.09633,102.6
            -80.95743,8.096259,102.3
            -80.95731,8.0962,101.6
            -80.95717,8.09613,100.8
            -80.95702,8.09606,99.8
            -80.95699,8.09606,99.7
            -80.95688,8.096019,99
            -80.9566,8.09594,97.5
            -80.95648,8.09592,97.1
            -80.95633,8.09589,96.5
            -80.9562,8.09586,96
            -80.956,8.095829,95.4
            -80.955969,8.095829,95.3
            -80.95589,8.09582,95.1
            -80.95581,8.09581,94.8
            -80.95566,8.0958,94.4
            -80.95469,8.095739,91.3
            -80.95453,8.095739,90.6
            -80.95375,8.095689,87.5
            -80.953059,8.09566,86.7
            -80.952299,8.09562,88.7
            -80.95197,8.095599,90
            -80.95179,8.09559,90.8
            -80.95157,8.09556,91.3
            -80.95143,8.09554,91
            -80.95132,8.09552,90.8
            -80.9512,8.095499,90.6
            -80.9511,8.09547,90.5
            -80.95094,8.09543,90.3
            -80.95077,8.09537,89.9
            -80.95062,8.0953,89
            -80.95042,8.095219,87.5
            -80.95032,8.09516,86.6
            -80.95012,8.095039,84.5
            -80.94987,8.094889,83.5
            -80.94968,8.09476,83.8
            -80.94863,8.094099,83.8
            -80.94817,8.093809,83.8
            -80.94737,8.093299,83.9
            -80.947007,8.093067,83.7
            -80.946479,8.09273,83.9
            -80.94646,8.09272,84
            -80.94638,8.09282,84
            -80.946648,8.092992,83.4
            -80.946879,8.09314,83.5
          </coordinates>
        </LineString>
      </Placemark>
    </Folder>
    <Folder>
      <name>NAE25-127 Santiago to Penonome</name>
      <Placemark>
        <name>NAE25-127 Santiago to Penonome</name>
        <description>-- View in full at http://ridewithgps.com/routes/45708339</description>
        <styleUrl>#line-0F9D58-4488</styleUrl>
        <LineString>
          <tessellate>1</tessellate>
          <coordinates>
            -80.946383,8.092957,83.8
            -80.94642,8.09289,83.8
            -80.946484,8.09277,83.9
            -80.946501,8.092738,83.9
            -80.94646,8.09272,84
            -80.94619,8.09254,84.5
            -80.94534,8.091989,85.6
            -80.94475,8.09163,86.5
            -80.94423,8.0913,86.1
            -80.94377,8.09101,85.6
            -80.943479,8.09079,85.8
            -80.94334,8.09068,86.5
            -80.94324,8.0906,87.3
            -80.94302,8.090389,89.3
            -80.94293,8.090299,90.2
            -80.94274,8.090109,92.1
            -80.94257,8.0899,93.5
            -80.94243,8.08971,93.7
            -80.94241,8.089689,93.7
            -80.942359,8.08961,93.6
            -80.94228,8.08948,93.4
            -80.94182,8.08873,92
            -80.94099,8.087389,94
            -80.93949,8.08498,93.3
            -80.93883,8.08394,92.4
            -80.938689,8.08371,91.8
            -80.93791,8.08242,91.6
            -80.9357,8.07844,92.8
            -80.93548,8.078099,91.7
            -80.93527,8.07779,91
            -80.93503,8.07745,90.9
            -80.93493,8.07732,90.9
            -80.934659,8.077,91.5
            -80.93434,8.076639,93.2
            -80.93429,8.07658,93.4
            -80.93418,8.07647,93.7
            -80.93385,8.07614,91.8
            -80.93339,8.07571,90.5
            -80.93299,8.075379,91.3
            -80.9329,8.07531,91.6
            -80.93288,8.07529,91.7
            -80.93193,8.07461,92.6
            -80.930809,8.07379,92.6
            -80.93004,8.07321,94.2
            -80.92947,8.0728,94.1
            -80.92903,8.0725,93.2
            -80.92876,8.07235,93.8
            -80.9285,8.072229,94.4
            -80.9282,8.07213,94.7
            -80.928,8.07208,94.6
            -80.9278,8.072039,94.5
            -80.927539,8.07201,94.2
            -80.92728,8.071999,93.4
            -80.926959,8.07203,92.2
            -80.926689,8.07208,91.1
            -80.92654,8.07212,91.4
            -80.92639,8.07217,91.9
            -80.92603,8.0723,93.2
            -80.92509,8.072649,98.2
            -80.92486,8.07273,98.3
            -80.92193,8.0738,95.3
            -80.92151,8.07396,95
            -80.92144,8.07399,94.6
            -80.92072,8.07428,90.9
            -80.91997,8.07455,85.6
            -80.91747,8.07545,87.4
            -80.91745,8.07545,87.2
            -80.91678,8.075699,84.1
            -80.91632,8.07587,82.4
            -80.915809,8.07605,80.5
            -80.91495,8.076359,81.9
            -80.91392,8.07672,87.5
            -80.91331,8.07694,92.5
            -80.9127,8.077159,91
            -80.912,8.07742,87.6
            -80.911199,8.07774,84.8
            -80.90973,8.07827,80.8
            -80.90927,8.07844,79.9
            -80.90857,8.0787,79.1
            -80.90798,8.07893,77.5
            -80.907439,8.0791,76.9
            -80.90715,8.079169,78.3
            -80.90686,8.07924,80.5
            -80.90612,8.079359,78.9
            -80.90584,8.0794,76.7
            -80.90554,8.07943,76.1
            -80.90491,8.07947,74.5
            -80.90259,8.079599,74.7
            -80.902199,8.07963,74.6
            -80.900229,8.07976,73.9
            -80.8999,8.07981,73.8
            -80.89941,8.07989,75.3
            -80.89892,8.080019,75.7
            -80.89866,8.08009,75.5
            -80.89836,8.08019,75.5
            -80.89764,8.08048,75.2
            -80.89752,8.08052,75
            -80.89703,8.08071,74.5
            -80.89671,8.08084,74
            -80.89628,8.080999,72.6
            -80.89586,8.08116,71.8
            -80.89542,8.081289,71.8
            -80.89492,8.08144,71.2
            -80.892619,8.08203,69.8
            -80.88753,8.08333,74
            -80.88746,8.083349,73.9
            -80.88742,8.08336,73.8
            -80.88658,8.08358,72.1
            -80.88638,8.083629,72
            -80.88536,8.08388,72.4
            -80.884469,8.084099,71.6
            -80.8839,8.08425,72.1
            -80.883889,8.08426,72.2
            -80.88299,8.08447,73.8
            -80.88285,8.0845,73.7
            -80.88267,8.084519,73.5
            -80.88257,8.08453,73.4
            -80.88244,8.08454,73.3
            -80.88221,8.08454,73.2
            -80.88194,8.08454,73
            -80.88175,8.08451,72.9
            -80.88159,8.084479,72.7
            -80.88135,8.08442,72.5
            -80.88122,8.084379,72.4
            -80.881069,8.08433,72.3
            -80.88087,8.08425,72.1
            -80.88067,8.08417,71.2
            -80.87993,8.08384,67.6
            -80.87904,8.08342,66.5
            -80.87828,8.08308,63.9
            -80.8779,8.08291,63.5
            -80.8777,8.08281,63.2
            -80.8774,8.08266,63
            -80.87716,8.08252,63
            -80.87666,8.08221,62.6
            -80.87634,8.08201,62.1
            -80.87589,8.081709,62
            -80.87329,8.07996,59.3
            -80.87278,8.07963,61.7
            -80.87254,8.07949,62.5
            -80.87242,8.07942,62.7
            -80.87223,8.07933,62.9
            -80.8721,8.079269,62.9
            -80.871979,8.07921,63
            -80.87186,8.07916,63
            -80.87176,8.07912,62.8
            -80.87135,8.07898,61.4
            -80.87112,8.07891,60.7
            -80.869829,8.07849,60.1
            -80.86855,8.07808,57.7
            -80.86846,8.078049,57.4
            -80.86761,8.07778,56.7
            -80.86688,8.077529,58.5
            -80.86623,8.07732,60.1
            -80.86591,8.07724,60.3
            -80.86572,8.077209,60.4
            -80.86546,8.077159,60.5
            -80.86525,8.07715,60.7
            -80.86508,8.07715,60.8
            -80.86484,8.077159,61.1
            -80.86453,8.077199,61.7
            -80.86433,8.07724,62.3
            -80.86407,8.07731,62.5
            -80.86371,8.07745,60.8
            -80.86351,8.07755,59.8
            -80.86317,8.07771,59.4
            -80.86291,8.07783,59.8
            -80.86269,8.07794,59.9
            -80.86197,8.078279,58.9
            -80.86168,8.0784,58.1
            -80.86155,8.07845,58.1
            -80.86131,8.07854,58.5
            -80.8597,8.07904,61.6
            -80.85865,8.07938,63.3
            -80.85854,8.079409,63.4
            -80.85775,8.07966,65.7
            -80.85699,8.07991,63.9
            -80.85677,8.07998,62.6
            -80.8566,8.08003,61.9
            -80.8553,8.080439,60.5
            -80.85488,8.08059,59.4
            -80.85474,8.08066,59
            -80.85466,8.08069,58.8
            -80.85451,8.08076,58.5
            -80.85424,8.0809,57.8
            -80.85398,8.081049,57.2
            -80.85365,8.08126,56.8
            -80.852729,8.081899,57.4
            -80.8505,8.08346,56.6
            -80.85011,8.08375,57.4
            -80.84944,8.08421,58.2
            -80.84896,8.08453,59.7
            -80.84862,8.084759,60.7
            -80.848339,8.08494,61
            -80.848,8.085129,60.4
            -80.84793,8.08516,60.2
            -80.847669,8.085279,59.5
            -80.84743,8.085369,59
            -80.84713,8.08547,59.3
            -80.84681,8.08555,59.5
            -80.846459,8.08561,60
            -80.8461,8.08566,60.4
            -80.845249,8.085739,60.3
            -80.84437,8.085839,58.4
            -80.84426,8.08585,58.1
            -80.84278,8.086,57.6
            -80.84156,8.08611,57.4
            -80.840819,8.08618,58
            -80.83959,8.08629,58
            -80.83939,8.08632,58
            -80.83914,8.086349,58
            -80.83871,8.08644,57.9
            -80.83839,8.08652,57.8
            -80.83797,8.08666,57.6
            -80.83762,8.0868,57.4
            -80.83728,8.08699,58.2
            -80.83702,8.08713,58.9
            -80.83677,8.087289,59.6
            -80.83598,8.087809,59.5
            -80.83577,8.08796,59.2
            -80.83536,8.08824,57.6
            -80.83486,8.08857,56.4
            -80.82885,8.092599,56.5
            -80.82872,8.092689,56.7
            -80.82836,8.092919,57
            -80.82796,8.09318,57.1
            -80.82734,8.093579,58
            -80.82682,8.09393,58.7
            -80.82648,8.09415,58.3
            -80.82622,8.09432,56.8
            -80.82588,8.09455,55.2
            -80.8256,8.09472,54.8
            -80.82535,8.09484,55
            -80.82517,8.09492,55.4
            -80.82503,8.09498,55.9
            -80.82502,8.09498,55.9
            -80.82468,8.09511,55.9
            -80.82441,8.09519,55.7
            -80.824209,8.09524,55.6
            -80.82409,8.09526,55.4
            -80.82389,8.09529,54.9
            -80.82357,8.09534,54.3
            -80.82317,8.095359,53.7
            -80.82288,8.095359,53.6
            -80.82247,8.09533,53.4
            -80.82223,8.0953,53.1
            -80.8219,8.09524,52.9
            -80.82161,8.09519,52.6
            -80.819999,8.094849,49.2
            -80.8197,8.09478,48.9
            -80.81919,8.0947,48.4
            -80.81867,8.09464,46.7
            -80.81832,8.09462,45.6
            -80.8178,8.094609,45.8
            -80.81716,8.09463,46
            -80.81669,8.094659,45.8
            -80.81596,8.09473,46.8
            -80.81555,8.09481,46.9
            -80.815299,8.09487,46.9
            -80.81491,8.09497,47.4
            -80.81422,8.09515,50.4
            -80.81352,8.09538,50.4
            -80.812659,8.095649,49
            -80.81232,8.09576,48
            -80.81219,8.09581,47.7
            -80.81128,8.09609,47
            -80.81066,8.09628,46.9
            -80.81,8.09648,46.4
            -80.809119,8.09675,46.6
            -80.80855,8.09692,47.2
            -80.807779,8.09717,43.9
            -80.80741,8.0973,43
            -80.80668,8.097519,43.1
            -80.80499,8.098039,44.7
            -80.80466,8.09814,45
            -80.80411,8.09831,44.9
            -80.80409,8.098319,44.8
            -80.80376,8.09843,43.9
            -80.80314,8.09863,42.1
            -80.802809,8.098739,41.7
            -80.80252,8.09887,41.4
            -80.80203,8.09909,42.2
            -80.80179,8.099209,42.7
            -80.80129,8.09948,43.4
            -80.80058,8.09985,43.3
            -80.80015,8.10008,42.9
            -80.8,8.10017,42.8
            -80.79895,8.10074,40.5
            -80.79113,8.10495,34.3
            -80.78937,8.10589,31.8
            -80.78665,8.10735,35.2
            -80.78618,8.107609,35.3
            -80.78501,8.10824,33.3
            -80.78487,8.108309,33.2
            -80.78421,8.10865,32.8
            -80.78326,8.10914,33.7
            -80.78296,8.10931,32.5
            -80.78228,8.10969,30.9
            -80.782,8.10983,31.6
            -80.78195,8.10985,31.8
            -80.78174,8.10994,32.6
            -80.78149,8.11004,33.6
            -80.78124,8.11013,34.1
            -80.78099,8.1102,34.6
            -80.78091,8.11022,34.7
            -80.78032,8.11031,34.7
            -80.77888,8.11046,33.6
            -80.77822,8.11054,32.6
            -80.77762,8.1106,31.3
            -80.77677,8.11069,31.3
            -80.77515,8.110849,33.4
            -80.77461,8.11091,34.9
            -80.77435,8.11093,35.6
            -80.77399,8.11096,35.5
            -80.77349,8.110989,33.6
            -80.77322,8.11097,33.2
            -80.77306,8.11097,33.5
            -80.77286,8.110939,34
            -80.77244,8.11087,35
            -80.77216,8.110799,35.3
            -80.77186,8.110709,35.4
            -80.77173,8.110659,35.5
            -80.77146,8.11056,35.1
            -80.77106,8.110379,35.1
            -80.77073,8.11021,35.9
            -80.77063,8.11016,36
            -80.76954,8.10962,32.4
            -80.76912,8.10943,29.5
            -80.76872,8.10924,27.4
            -80.76854,8.109159,26.2
            -80.768379,8.109109,25.3
            -80.76809,8.10901,24.1
            -80.76774,8.10891,22.9
            -80.767709,8.1089,22.8
            -80.76749,8.10885,22
            -80.76725,8.1088,21.8
            -80.76704,8.10877,21.7
            -80.76685,8.10876,21.6
            -80.76684,8.10876,21.6
            -80.76649,8.10875,21.3
            -80.76624,8.10875,21
            -80.766,8.10877,20.6
            -80.76587,8.108779,20.4
            -80.76564,8.1088,20.2
            -80.76543,8.108829,20.1
            -80.765199,8.108879,20
            -80.765,8.108919,19.9
            -80.76451,8.109019,19.8
            -80.76438,8.10905,19.9
            -80.76347,8.10922,22.4
            -80.7629,8.10933,21.7
            -80.76252,8.10941,21.7
            -80.76237,8.109439,21.7
            -80.76233,8.109439,21.7
            -80.76178,8.10955,21.7
            -80.76115,8.10968,21.7
            -80.76065,8.109769,22.5
            -80.760589,8.10979,22.8
            -80.75982,8.10992,26.2
            -80.75951,8.10998,27.1
            -80.75944,8.10999,27.3
            -80.75909,8.110049,28.3
            -80.75854,8.11012,30.1
            -80.75831,8.110139,30.9
            -80.75796,8.11013,31.4
            -80.75761,8.11009,31.9
            -80.757409,8.110049,32.2
            -80.75726,8.11002,32.6
            -80.75695,8.10992,34.1
            -80.756649,8.10978,36.8
            -80.75643,8.109669,40.3
            -80.7562,8.109529,44
            -80.756,8.10941,47.1
            -80.75556,8.10915,49.4
            -80.75496,8.10884,45.5
            -80.75493,8.108829,45.4
            -80.75445,8.10862,43.8
            -80.7542,8.10853,42.8
            -80.75395,8.108449,41.8
            -80.75391,8.10844,41.6
            -80.75364,8.10837,40.8
            -80.75329,8.108309,39.9
            -80.75308,8.10828,39.4
            -80.752889,8.10826,38.9
            -80.75284,8.10826,38.8
            -80.75268,8.10826,38.4
            -80.75231,8.10826,38
            -80.75191,8.10829,38
            -80.75149,8.10835,38.4
            -80.75105,8.10844,39.2
            -80.75082,8.10848,39.7
            -80.75027,8.108589,39.8
            -80.74938,8.10879,35.2
            -80.74916,8.10885,33.6
            -80.748769,8.10893,33.1
            -80.74873,8.10894,33.1
            -80.74837,8.10901,32.7
            -80.74764,8.10912,33.8
            -80.74717,8.10919,33.9
            -80.74699,8.109199,34
            -80.74684,8.109199,34
            -80.74666,8.109199,34.1
            -80.74621,8.10918,37.3
            -80.74599,8.10918,38.8
            -80.74533,8.109199,39.4
            -80.74493,8.109209,39.2
            -80.7447,8.10922,39.7
            -80.74448,8.10923,40.2
            -80.74427,8.10923,40.7
            -80.74384,8.109209,42.8
            -80.74361,8.10922,44.1
            -80.74296,8.10922,47
            -80.74263,8.10922,48.1
            -80.742369,8.10922,48.4
            -80.74187,8.10922,47.8
            -80.74158,8.10923,47.3
            -80.74127,8.10924,46.5
            -80.74096,8.109249,45.8
            -80.74059,8.109249,47
            -80.73979,8.10924,51.6
            -80.73971,8.10924,51.9
            -80.739459,8.10924,52.8
            -80.73915,8.10924,53.7
            -80.73869,8.109249,50.9
            -80.738339,8.10927,48.8
            -80.73806,8.10929,48.1
            -80.73784,8.10932,47.6
            -80.73766,8.10934,47.1
            -80.73754,8.10937,46.8
            -80.737,8.10948,46.5
            -80.73683,8.10954,46.5
            -80.73673,8.109579,46.5
            -80.7366,8.10964,46.5
            -80.73651,8.109669,46.4
            -80.73609,8.10987,45.7
            -80.73588,8.10998,45.1
            -80.7357,8.11008,44.8
            -80.73532,8.11029,44.5
            -80.73474,8.1106,45.8
            -80.73457,8.11069,46.5
            -80.73437,8.11078,47.3
            -80.73426,8.11084,47.8
            -80.73418,8.11088,47.8
            -80.73399,8.11101,46.8
            -80.73371,8.111179,45.6
            -80.73349,8.1113,44.8
            -80.73317,8.11149,44.5
            -80.73286,8.111639,45.1
            -80.73264,8.11176,45.6
            -80.7325,8.111829,46
            -80.73214,8.11204,46
            -80.7318,8.11223,46.3
            -80.73145,8.11243,46.6
            -80.73105,8.11266,46.4
            -80.73059,8.112909,45.7
            -80.73011,8.11318,45.1
            -80.72967,8.11342,44
            -80.72946,8.11354,43.8
            -80.72924,8.11367,43.8
            -80.72897,8.11382,43.7
            -80.72878,8.11392,43.3
            -80.7282,8.11426,40.6
            -80.727729,8.11452,39.7
            -80.7272,8.11482,41.1
            -80.72708,8.114879,41.6
            -80.72691,8.11497,42.3
            -80.7265,8.1152,40.9
            -80.7262,8.11536,39.3
            -80.72601,8.115449,38.8
            -80.7258,8.11555,38.7
            -80.72561,8.11564,39.3
            -80.72501,8.115869,40.9
            -80.72443,8.11612,41.9
            -80.7239,8.11633,42
            -80.7236,8.11647,41.4
            -80.72321,8.11665,41
            -80.72264,8.11689,39.7
            -80.72254,8.11694,39.4
            -80.7222,8.11708,38.5
            -80.72193,8.1172,38.2
            -80.72132,8.11745,38.8
            -80.72039,8.11785,39
            -80.71979,8.11809,38.6
            -80.71916,8.118359,37
            -80.7187,8.11856,35.6
            -80.71844,8.11867,34.9
            -80.71815,8.11881,34
            -80.71783,8.11895,33.1
            -80.71732,8.11916,32
            -80.716939,8.11932,31.9
            -80.71652,8.1195,31.6
            -80.715909,8.119759,32.3
            -80.71545,8.11994,32.4
            -80.71519,8.12003,32.3
            -80.71494,8.12011,32.3
            -80.71472,8.12017,32.2
            -80.71455,8.12021,32.1
            -80.71417,8.1203,31.7
            -80.71391,8.12036,31.8
            -80.71363,8.12041,31.7
            -80.71303,8.12052,29.9
            -80.71258,8.120609,27.8
            -80.71209,8.12072,27.6
            -80.711879,8.12076,27.8
            -80.71167,8.120799,28
            -80.711029,8.12091,28.1
            -80.71011,8.121119,24.6
            -80.70975,8.12119,24.8
            -80.70942,8.12125,25.5
            -80.70871,8.12138,27.2
            -80.708537,8.121409,27.7
            -80.70813,8.12148,28.1
            -80.70788,8.12153,27.8
            -80.70764,8.121589,27.4
            -80.70743,8.12163,27.2
            -80.706909,8.121729,28.6
            -80.70651,8.12179,29.6
            -80.70628,8.121829,30
            -80.706,8.1219,30.5
            -80.70591,8.121919,30.6
            -80.70543,8.122,30.2
            -80.70475,8.12214,30.5
            -80.704179,8.122249,31.3
            -80.703729,8.122339,30.5
            -80.70316,8.12246,29.5
            -80.70299,8.1225,29.2
            -80.70281,8.122529,28.7
            -80.70231,8.122629,27.5
            -80.70208,8.122669,27.3
            -80.70147,8.12278,26.4
            -80.70122,8.12283,25.7
            -80.7009,8.122909,24.7
            -80.70045,8.122999,23.9
            -80.69969,8.12315,24.3
            -80.69928,8.12322,25.6
            -80.69856,8.12335,27.4
            -80.69847,8.12337,27.4
            -80.69812,8.123469,26.5
            -80.69792,8.12353,25.7
            -80.69772,8.12359,25.1
            -80.69748,8.123659,24.7
            -80.69725,8.12373,25.7
            -80.696789,8.12386,27.6
            -80.69645,8.12395,27.9
            -80.69626,8.12401,27.9
            -80.69605,8.124079,27.9
            -80.69552,8.12425,27.4
            -80.69485,8.124459,27.2
            -80.69454,8.12457,26.9
            -80.69421,8.12468,26.7
            -80.69376,8.12482,26.9
            -80.69304,8.12505,26.5
            -80.69211,8.12538,23.7
            -80.6919,8.125489,23.1
            -80.69156,8.12566,22.6
            -80.69141,8.12573,22.7
            -80.69129,8.12579,22.9
            -80.69123,8.125819,23
            -80.69079,8.12608,23.4
            -80.6905,8.12627,23.1
            -80.689629,8.12691,19.3
            -80.68949,8.127029,18.5
            -80.68928,8.1272,17.9
            -80.68914,8.127319,17.8
            -80.68913,8.12734,17.8
            -80.68903,8.12742,17.8
            -80.68893,8.127499,17.7
            -80.68885,8.12758,17.4
            -80.68876,8.12766,17.2
            -80.688689,8.127739,17.1
            -80.688406,8.128095,16.9
            -80.68826,8.12828,17.3
            -80.68823,8.128299,17.4
            -80.68798,8.12862,17.1
            -80.68787,8.12876,17
            -80.68781,8.12884,16.9
            -80.6878,8.12885,16.9
            -80.68762,8.12914,16.7
            -80.68755,8.12927,16.3
            -80.687209,8.12989,14.1
            -80.68705,8.1302,14.5
            -80.6869,8.13049,15.5
            -80.68661,8.13118,15.8
            -80.68634,8.131819,13.6
            -80.68607,8.13249,12
            -80.68582,8.13307,12
            -80.68581,8.133089,12
            -80.68577,8.13319,11.9
            -80.68571,8.13333,11.9
            -80.68545,8.13394,11.6
            -80.68526,8.134399,11.3
            -80.685149,8.13467,11.5
            -80.68497,8.13518,12.3
            -80.68493,8.13532,12.5
            -80.68489,8.13547,12.7
            -80.68484,8.13565,12.8
            -80.68482,8.13575,13
            -80.6848,8.13585,13
            -80.68478,8.13597,12.9
            -80.684749,8.13617,12.8
            -80.68473,8.13634,12.7
            -80.68471,8.13655,12.6
            -80.68469,8.13686,12.1
            -80.684659,8.13754,12.6
            -80.68465,8.137829,12.8
            -80.68464,8.13803,12.9
            -80.68463,8.13817,13.1
            -80.68461,8.13831,13.2
            -80.68455,8.138719,13.5
            -80.68452,8.13907,13.8
            -80.68449,8.13946,14.8
            -80.68446,8.13992,15.2
            -80.68437,8.14123,13.2
            -80.684299,8.14225,12
            -80.6842,8.143499,12.8
            -80.68415,8.14429,11.6
            -80.68415,8.14434,11.5
            -80.68408,8.14525,10.5
            -80.68401,8.14606,12.5
            -80.68395,8.14691,12.2
            -80.6839,8.147729,10.8
            -80.683809,8.14884,12.5
            -80.68379,8.14913,13.3
            -80.68375,8.14952,14.8
            -80.683719,8.14992,16.1
            -80.6837,8.1503,17
            -80.6837,8.15034,17.1
            -80.68368,8.150539,17.5
            -80.68365,8.15076,18.1
            -80.683629,8.1509,18.3
            -80.6836,8.15104,18.4
            -80.68357,8.15119,18.5
            -80.68353,8.15133,18.5
            -80.68347,8.15154,18.4
            -80.68342,8.151669,18.2
            -80.683359,8.151809,18.9
            -80.68329,8.151949,19.8
            -80.68322,8.152089,20.8
            -80.68307,8.15231,22.5
            -80.68295,8.152469,23.7
            -80.68286,8.15258,24.2
            -80.68277,8.15269,24.3
            -80.68266,8.152799,24.5
            -80.68255,8.15291,24.5
            -80.68241,8.15304,24.4
            -80.68225,8.15316,24.4
            -80.68201,8.15334,24.6
            -80.68167,8.15357,26.1
            -80.68123,8.15386,28.3
            -80.68074,8.154199,29.1
            -80.68073,8.15421,29.1
            -80.68022,8.15456,28.1
            -80.67981,8.154859,26.1
            -80.67937,8.15515,25.7
            -80.6788,8.15553,27.1
            -80.6782,8.155939,26.3
            -80.67794,8.156129,25.2
            -80.67733,8.156549,23.9
            -80.67691,8.15684,24.1
            -80.67649,8.15712,23.7
            -80.67607,8.15741,23.1
            -80.6758,8.15759,23.1
            -80.67564,8.15769,23.2
            -80.67529,8.15792,23.2
            -80.67505,8.15809,23
            -80.674899,8.158189,23
            -80.67444,8.158519,22.8
            -80.67426,8.15865,22.7
            -80.6741,8.15877,22.3
            -80.67395,8.158899,21.8
            -80.67379,8.159039,21.2
            -80.673599,8.15924,20.5
            -80.67344,8.159409,19.9
            -80.67332,8.159549,19.5
            -80.67323,8.15966,19.3
            -80.67285,8.160159,18.9
            -80.67256,8.16057,18.4
            -80.672389,8.160819,18.1
            -80.67209,8.161239,19
            -80.67191,8.161479,19.5
            -80.67134,8.16228,20
            -80.67099,8.16276,19.9
            -80.67045,8.16355,20.3
            -80.66989,8.16433,20.5
            -80.6694,8.16502,19.7
            -80.66923,8.16527,19.1
            -80.66887,8.16577,19.5
            -80.668539,8.16623,19.8
            -80.668139,8.16679,20.6
            -80.66785,8.167199,21.4
            -80.66771,8.16738,21.4
            -80.667599,8.1675,21.2
            -80.66717,8.167999,24.2
            -80.66673,8.16849,26.8
            -80.66643,8.16883,27.5
            -80.66589,8.169449,27.4
            -80.66568,8.16968,27.7
            -80.66534,8.17005,28.5
            -80.6651,8.17031,28.6
            -80.66465,8.17082,27.7
            -80.6641,8.17143,26.5
            -80.66388,8.171659,26
            -80.66362,8.17196,26.7
            -80.66353,8.17205,26.9
            -80.66327,8.17234,27.9
            -80.662719,8.172969,26.6
            -80.66238,8.173349,26
            -80.6621,8.17365,25.8
            -80.66182,8.17398,24.9
            -80.66148,8.17435,24.2
            -80.66114,8.174749,24.6
            -80.66098,8.17491,24.8
            -80.66078,8.175129,25.4
            -80.66056,8.17533,26
            -80.66041,8.17547,26.3
            -80.660169,8.17566,26.7
            -80.65993,8.17584,27.1
            -80.65968,8.17601,27.8
            -80.65882,8.176579,29.7
            -80.65879,8.1766,29.8
            -80.65867,8.176679,30
            -80.65839,8.176869,30.5
            -80.65804,8.177099,31.4
            -80.65756,8.17742,32
            -80.65718,8.17768,32.9
            -80.65674,8.17797,33.9
            -80.6567,8.178,33.9
            -80.65613,8.17838,32.7
            -80.65606,8.17843,32.5
            -80.65585,8.178559,32
            -80.65571,8.17866,31.9
            -80.65553,8.178789,31.8
            -80.65518,8.179019,31.4
            -80.654839,8.17924,31
            -80.65431,8.179589,30.6
            -80.65396,8.179819,29.6
            -80.65372,8.17999,28.4
            -80.65345,8.18018,27.3
            -80.6532,8.18035,27.5
            -80.65311,8.18041,27.8
            -80.65268,8.180669,29.4
            -80.65243,8.18084,29.9
            -80.65206,8.181089,29
            -80.65157,8.18143,27.5
            -80.65067,8.182029,25.5
            -80.65031,8.18227,25.6
            -80.65001,8.18246,25.9
            -80.6494,8.18289,24.5
            -80.64884,8.183249,24
            -80.64837,8.18356,23.9
            -80.64801,8.1838,24.3
            -80.64779,8.18394,24.5
            -80.647589,8.18406,24.7
            -80.64716,8.18431,24.5
            -80.64707,8.18435,24.4
            -80.64671,8.184509,24.2
            -80.64608,8.18476,22.4
            -80.64567,8.18491,21
            -80.64542,8.185,20
            -80.64529,8.18506,19.4
            -80.64291,8.18596,13.8
            -80.64275,8.186019,13.6
            -80.642349,8.18615,13.5
            -80.64192,8.186299,14.3
            -80.64166,8.1864,15
            -80.64143,8.186489,15.6
            -80.64125,8.18656,16.1
            -80.64113,8.1866,16.4
            -80.64103,8.18664,16.6
            -80.64092,8.1867,17.2
            -80.64079,8.186769,17.7
            -80.64067,8.186859,17.7
            -80.64054,8.186949,17.5
            -80.64037,8.18709,17.2
            -80.64021,8.18723,16.6
            -80.64016,8.187279,16.5
            -80.64011,8.187329,16.3
            -80.63994,8.18751,15.8
            -80.63984,8.18764,15.7
            -80.63975,8.187749,15.4
            -80.639619,8.18795,15
            -80.63942,8.18823,13.8
            -80.63939,8.18828,13.6
            -80.63921,8.18853,12
            -80.63895,8.188879,11.6
            -80.63878,8.18912,11.5
            -80.63862,8.18933,12.2
            -80.63815,8.18995,13.7
            -80.63788,8.1903,13.5
            -80.6375,8.19082,13
            -80.63596,8.19286,13.6
            -80.632769,8.19716,23.9
            -80.63197,8.198219,24.5
            -80.63067,8.199949,26.2
            -80.629099,8.20201,24
            -80.62896,8.202199,23.9
            -80.62862,8.20266,23.7
            -80.6282,8.203239,21.9
            -80.62626,8.205859,19.1
            -80.6254,8.20702,22
            -80.62509,8.20744,21.4
            -80.62477,8.207879,19.5
            -80.62304,8.2102,16.5
            -80.62219,8.21138,13.2
            -80.62208,8.21151,13.1
            -80.62169,8.21197,12.6
            -80.62144,8.212249,12.2
            -80.62097,8.212759,11.4
            -80.62087,8.21285,11.2
            -80.61891,8.21472,13.9
            -80.61709,8.21648,15.7
            -80.61696,8.216609,15.3
            -80.61666,8.2169,14
            -80.61592,8.21761,13.9
            -80.61539,8.218109,12.6
            -80.61521,8.21827,12.3
            -80.61506,8.2184,12.2
            -80.61483,8.21856,12.3
            -80.61464,8.21869,12.2
            -80.61448,8.218769,12.1
            -80.6143,8.218859,11.9
            -80.61417,8.21892,11.7
            -80.61395,8.218999,12.3
            -80.6135,8.21915,13.6
            -80.61315,8.21927,15
            -80.61273,8.21944,16.8
            -80.61253,8.219519,17.5
            -80.61085,8.22012,16.6
            -80.60947,8.220599,14.3
            -80.608459,8.22094,14.7
            -80.60807,8.221069,15
            -80.60764,8.22123,15.4
            -80.6063,8.2217,12.1
            -80.60593,8.22184,11.3
            -80.60574,8.22192,11.1
            -80.60554,8.222009,11.5
            -80.60541,8.22208,11.8
            -80.60523,8.22218,12.2
            -80.605009,8.22232,12.8
            -80.60487,8.22242,12.9
            -80.60468,8.222569,13.5
            -80.6045,8.222709,14.6
            -80.60418,8.22296,16.8
            -80.603669,8.223409,15.6
            -80.60124,8.225519,17.6
            -80.59997,8.22661,21.7
            -80.59958,8.226929,21
            -80.59905,8.22732,20.5
            -80.59858,8.22761,21
            -80.59795,8.22795,20.8
            -80.59751,8.22818,21.4
            -80.59474,8.22962,20.3
            -80.59442,8.22978,20.5
            -80.59216,8.23095,20.9
            -80.5907,8.23171,22
            -80.58841,8.23291,16.3
            -80.58749,8.23339,14.9
            -80.58717,8.233549,14.6
            -80.5862,8.23405,13.8
            -80.58475,8.2348,14.5
            -80.583789,8.2353,17.4
            -80.58346,8.235469,18.1
            -80.5833,8.23555,18.3
            -80.580209,8.23715,23.9
            -80.57986,8.23732,24.6
            -80.57897,8.23778,24.5
            -80.57583,8.23944,26.3
            -80.5734,8.24069,25.2
            -80.57274,8.24102,27.9
            -80.57186,8.24147,28.2
            -80.57136,8.24173,27.8
            -80.56983,8.24254,28.1
            -80.56646,8.24428,35.4
            -80.56592,8.24456,38.2
            -80.56532,8.244859,39
            -80.56467,8.245179,40
            -80.56391,8.245509,40.7
            -80.563599,8.24564,40.9
            -80.56323,8.24578,41
            -80.56307,8.24583,41
            -80.56277,8.245939,40.9
            -80.56191,8.24625,39.4
            -80.5612,8.24649,39.7
            -80.56035,8.24679,39.7
            -80.55965,8.24703,38.4
            -80.55897,8.24726,36.8
            -80.55747,8.24778,36
            -80.557344,8.247823,36.3
            -80.5567,8.24804,37.6
            -80.55584,8.248329,34
            -80.55533,8.24851,34.6
            -80.55388,8.248989,33.7
            -80.55223,8.24957,32
            -80.5519,8.24968,31.6
            -80.5518,8.24972,31.5
            -80.55109,8.24996,29.9
            -80.550659,8.250109,29.1
            -80.54978,8.25041,28.9
            -80.54886,8.250719,27.4
            -80.548,8.25101,27.3
            -80.54695,8.25137,27.8
            -80.54616,8.25164,28
            -80.54586,8.25173,27.8
            -80.54552,8.251849,26.9
            -80.545,8.252029,25.6
            -80.54483,8.2521,24.9
            -80.54422,8.25231,22.9
            -80.54336,8.25261,23.1
            -80.54261,8.25286,23.9
            -80.54199,8.25308,23.6
            -80.53952,8.2539,24.5
            -80.53923,8.254,24.8
            -80.53868,8.254189,22.7
            -80.53851,8.25425,21.8
            -80.53834,8.25431,21
            -80.53765,8.25455,20.9
            -80.53748,8.25461,21.1
            -80.53579,8.2552,21.9
            -80.53537,8.25534,21.4
            -80.53485,8.25552,20.9
            -80.53452,8.25564,20.6
            -80.53429,8.255739,20.2
            -80.53399,8.255879,19.8
            -80.53385,8.25595,19.7
            -80.53359,8.2561,19.4
            -80.53357,8.25611,19.4
            -80.533199,8.25633,19
            -80.53294,8.2565,19
            -80.532839,8.25658,19
            -80.53259,8.2568,19
            -80.532439,8.25693,19
            -80.532349,8.25702,19.1
            -80.53228,8.25709,19.1
            -80.532,8.25741,19.5
            -80.531899,8.25754,19.8
            -80.53182,8.25764,20.1
            -80.53175,8.25775,20.5
            -80.53156,8.25803,21
            -80.53143,8.25827,21.3
            -80.5313,8.25852,20.9
            -80.53113,8.2589,20
            -80.53099,8.25924,19.3
            -80.53004,8.261469,17.8
            -80.52969,8.2623,17.2
            -80.52895,8.26406,16.6
            -80.52859,8.26486,15.7
            -80.52836,8.2654,14.6
            -80.52828,8.265599,14.3
            -80.52801,8.26623,14.1
            -80.52777,8.26678,14.1
            -80.52773,8.26689,13.9
            -80.52748,8.26749,12.1
            -80.52723,8.26806,13
            -80.52716,8.268219,13.7
            -80.52709,8.26839,14.3
            -80.52692,8.26881,14.7
            -80.52666,8.26938,13.5
            -80.52661,8.269489,13.3
            -80.52638,8.27004,10.9
            -80.52618,8.27054,10.1
            -80.52611,8.27072,9.5
            -80.52571,8.27164,10.6
            -80.52562,8.27187,10.5
            -80.525409,8.27237,9.5
            -80.52525,8.272729,8.9
            -80.52508,8.27311,8.9
            -80.524959,8.27341,8.9
            -80.5248,8.27377,8.3
            -80.52466,8.2741,7.7
            -80.5245,8.27447,6.9
            -80.52394,8.27579,6.7
            -80.52366,8.276439,6.3
            -80.52337,8.27711,7.5
            -80.523079,8.277799,7.9
            -80.52288,8.27828,8.5
            -80.52277,8.27857,9.3
            -80.52269,8.27877,9.9
            -80.522589,8.27905,10.7
            -80.52251,8.279299,10.7
            -80.52246,8.27946,10.3
            -80.52238,8.27982,9.5
            -80.52231,8.28018,9.3
            -80.52222,8.280709,9.9
            -80.52211,8.281449,10.2
            -80.52194,8.282669,11.8
            -80.52183,8.28351,11.3
            -80.5213,8.28707,13.3
            -80.52122,8.28763,14.8
            -80.52093,8.289619,11.8
            -80.52072,8.291119,12.1
            -80.52066,8.29152,13.2
            -80.52061,8.29193,13.1
            -80.5205,8.29271,11.7
            -80.52039,8.29346,10.7
            -80.52031,8.29399,11.2
            -80.52022,8.2946,10.9
            -80.52015,8.295109,10.4
            -80.52007,8.29568,10.2
            -80.51994,8.29655,11.7
            -80.51985,8.29725,11.7
            -80.51972,8.29819,12.1
            -80.51964,8.29887,12.5
            -80.51956,8.299709,11.5
            -80.51942,8.30111,10.3
            -80.51876,8.30796,9.4
            -80.51798,8.316179,10.8
            -80.51786,8.31741,11.3
            -80.51782,8.3178,11.2
            -80.51779,8.31822,11
            -80.51775,8.31872,10.9
            -80.51769,8.31947,11.2
            -80.51766,8.31986,11.3
            -80.51764,8.32011,11.2
            -80.51764,8.32019,11
            -80.51764,8.32034,10.8
            -80.51768,8.320679,10.3
            -80.51772,8.32094,10
            -80.51781,8.3214,10.3
            -80.51784,8.321569,10.4
            -80.51802,8.322319,12
            -80.51826,8.32327,11.4
            -80.5185,8.324249,9.1
            -80.51861,8.324719,10.9
            -80.51881,8.325559,11.4
            -80.51886,8.32582,11.4
            -80.51893,8.32614,11.4
            -80.51909,8.32691,11.7
            -80.519165,8.327218,11.3
            -80.51921,8.3274,11.2
            -80.51933,8.327909,11.1
            -80.51947,8.328469,11.3
            -80.519679,8.32938,13
            -80.51975,8.32967,14
            -80.520259,8.33177,15.5
            -80.52034,8.332129,15.7
            -80.52055,8.33301,15.9
            -80.52069,8.33355,16.5
            -80.52075,8.3338,17.1
            -80.52097,8.3347,18.6
            -80.52125,8.335879,17
            -80.52145,8.33672,17
            -80.52164,8.3375,17
            -80.52191,8.33863,17.4
            -80.52221,8.339869,17.6
            -80.52238,8.34057,17.7
            -80.52262,8.34151,17.3
            -80.52279,8.34209,17.7
            -80.52283,8.34219,17.8
            -80.52295,8.34254,17.9
            -80.5231,8.34291,17
            -80.52311,8.34295,16.9
            -80.52323,8.34322,16.3
            -80.5233,8.34336,16
            -80.52338,8.34352,16.2
            -80.52453,8.34592,15.3
            -80.52473,8.34634,14.9
            -80.527379,8.35186,15.9
            -80.52816,8.35349,16.7
            -80.52968,8.35664,18.9
            -80.52986,8.35703,19.6
            -80.530019,8.35735,20.1
            -80.53017,8.35768,20.4
            -80.530379,8.35811,20.9
            -80.53048,8.35833,21.2
            -80.53057,8.35852,21.3
            -80.53062,8.35866,21.3
            -80.53069,8.358829,21.3
            -80.53074,8.35899,21.2
            -80.53082,8.35926,20.6
            -80.53088,8.35951,19.7
            -80.53094,8.35973,19.2
            -80.53097,8.35994,18.6
            -80.53101,8.36025,19.1
            -80.53104,8.360659,20
            -80.53103,8.36107,20.7
            -80.53102,8.36129,21.2
            -80.531,8.36158,21.8
            -80.531,8.361649,22
            -80.530959,8.36201,21
            -80.53088,8.362719,19.3
            -80.53054,8.366009,19.7
            -80.530109,8.370089,14.8
            -80.52974,8.37357,15
            -80.52967,8.374219,16.8
            -80.52963,8.37458,16.9
            -80.52948,8.37601,18.4
            -80.52937,8.377029,19.6
            -80.528989,8.380839,16.3
            -80.52897,8.38125,18.7
            -80.52896,8.38172,20.9
            -80.52898,8.382059,20
            -80.52904,8.382619,19
            -80.5291,8.3831,19.4
            -80.52927,8.384169,19.5
            -80.52941,8.38508,20.1
            -80.52951,8.38575,19.6
            -80.52958,8.38616,18.7
            -80.53001,8.38894,16.2
            -80.53006,8.38929,17.2
            -80.53032,8.391069,20.4
            -80.53085,8.39451,22.5
            -80.53106,8.39593,24.1
            -80.53115,8.39649,21.6
            -80.53134,8.39777,19
            -80.53146,8.39851,20
            -80.53156,8.39919,20
            -80.53167,8.39997,20
            -80.5317,8.4002,20.1
            -80.53172,8.40041,20.2
            -80.53173,8.4007,20.2
            -80.53174,8.40092,20.5
            -80.53174,8.40124,21.5
            -80.53172,8.4015,22.3
            -80.53169,8.40177,22.8
            -80.53167,8.40189,22.7
            -80.53165,8.40198,22.6
            -80.53163,8.40208,22.4
            -80.53154,8.40248,21.9
            -80.53143,8.40279,21.3
            -80.53135,8.40298,21.1
            -80.53128,8.40314,21.1
            -80.53106,8.40357,21.5
            -80.53071,8.40412,22.5
            -80.53042,8.40445,21.5
            -80.53009,8.404769,20.9
            -80.52977,8.40506,20.9
            -80.52923,8.40547,21.2
            -80.52863,8.40591,21.4
            -80.5282,8.40621,21.4
            -80.527289,8.40682,23.1
            -80.52681,8.40715,23.2
            -80.52656,8.40731,23.2
            -80.523259,8.40957,23.9
            -80.52168,8.41065,24.3
            -80.52072,8.41131,24.1
            -80.52032,8.41159,24.3
            -80.51994,8.41186,23.9
            -80.51955,8.41212,23.5
            -80.518109,8.4131,26.2
            -80.51779,8.41333,26.3
            -80.51774,8.41336,26.3
            -80.51725,8.4137,25.7
            -80.51709,8.4138,25.5
            -80.51708,8.41381,25.5
            -80.51707,8.41382,25.5
            -80.51706,8.41382,25.5
            -80.51705,8.41383,25.5
            -80.51704,8.41384,25.4
            -80.51703,8.41384,25.4
            -80.51702,8.41385,25.4
            -80.51701,8.41386,25.4
            -80.517,8.41387,25.4
            -80.51699,8.41387,25.4
            -80.51698,8.41388,25.4
            -80.51697,8.41389,25.4
            -80.51696,8.41389,25.4
            -80.51695,8.4139,25.3
            -80.51694,8.41391,25.3
            -80.51693,8.413919,25.3
            -80.51692,8.413919,25.3
            -80.51691,8.41393,25.3
            -80.5169,8.41394,25.3
            -80.51689,8.41394,25.3
            -80.51688,8.41395,25.3
            -80.51687,8.41396,25.2
            -80.51686,8.41397,25.2
            -80.51685,8.41397,25.2
            -80.51684,8.41398,25.2
            -80.51683,8.41399,25.2
            -80.51682,8.41399,25.2
            -80.51681,8.414,25.2
            -80.5168,8.41401,25.2
            -80.51679,8.41402,25.1
            -80.51678,8.41402,25.1
            -80.516769,8.41403,25.1
            -80.51676,8.41404,25.1
            -80.51675,8.41404,25.1
            -80.51674,8.41405,25.1
            -80.51673,8.414059,25.1
            -80.51672,8.41407,25.1
            -80.51671,8.41407,25.1
            -80.51597,8.4146,22.3
            -80.51511,8.41517,23.1
            -80.51317,8.416499,21.9
            -80.5126,8.41688,21.8
            -80.50851,8.4197,20.2
            -80.508439,8.41975,20.2
            -80.50276,8.42364,25.1
            -80.5023,8.42395,23.9
            -80.50125,8.42468,21.2
            -80.49965,8.42578,21
            -80.4988,8.42636,20.2
            -80.49856,8.42653,20.1
            -80.49554,8.42857,20.1
            -80.49524,8.42878,20.6
            -80.49472,8.42914,21.9
            -80.49153,8.43133,28.8
            -80.49123,8.43155,28.1
            -80.489981,8.432406,25.2
            -80.4884,8.43349,29.3
            -80.48811,8.43368,29.8
            -80.48774,8.43393,29.6
            -80.48497,8.43585,24
            -80.48257,8.43748,20.3
            -80.48087,8.43865,20.6
            -80.48011,8.43916,21.7
            -80.47972,8.43944,21.1
            -80.47926,8.4398,20.3
            -80.47888,8.4401,20.5
            -80.47887,8.44011,20.6
            -80.47821,8.44064,21.9
            -80.47747,8.44124,23.6
            -80.47723,8.44144,24.3
            -80.47707,8.44157,24.6
            -80.47676,8.44182,24.9
            -80.476519,8.44202,25.3
            -80.47622,8.442259,25.5
            -80.47572,8.44268,25.7
            -80.47521,8.4431,24.4
            -80.47486,8.44339,23.1
            -80.47443,8.44374,23.2
            -80.47429,8.44386,23.1
            -80.47332,8.44466,22.8
            -80.47242,8.44538,21.9
            -80.46978,8.44753,24.7
            -80.46781,8.44913,23.3
            -80.46767,8.44924,23.4
            -80.46713,8.44967,23.6
            -80.46692,8.44982,23.1
            -80.46671,8.44995,22.3
            -80.46634,8.45014,22.4
            -80.46616,8.45022,22.6
            -80.46587,8.45034,22.6
            -80.46567,8.45041,22.8
            -80.46549,8.45045,23.1
            -80.4653,8.45049,23.4
            -80.46498,8.45055,24
            -80.46475,8.45058,23.8
            -80.46419,8.45065,23.6
            -80.46185,8.45082,25.5
            -80.46165,8.45083,26
            -80.46098,8.45091,24.3
            -80.46078,8.450939,24.2
            -80.46035,8.45102,25.5
            -80.46008,8.45107,26.2
            -80.45952,8.45123,26.3
            -80.45921,8.45132,26.2
            -80.45868,8.45151,26.1
            -80.4578,8.45181,27.6
            -80.45729,8.45198,28
            -80.45632,8.45234,27.1
            -80.45592,8.45251,27.8
            -80.45481,8.45289,27.8
            -80.45157,8.45407,30.2
            -80.45104,8.45425,30.1
            -80.45002,8.45465,29.6
            -80.44918,8.45495,29
            -80.4489,8.45505,29.4
            -80.4487,8.45512,29.7
            -80.448359,8.455209,30.2
            -80.44822,8.45525,30
            -80.44769,8.455399,28.2
            -80.44741,8.45545,27.2
            -80.44692,8.45553,26.1
            -80.44628,8.45559,24.9
            -80.44567,8.4556,24.4
            -80.44539,8.45558,25.1
            -80.44512,8.45556,25.7
            -80.44471,8.45552,26.6
            -80.44441,8.45546,27.1
            -80.4436,8.45528,25.5
            -80.44073,8.45456,21.9
            -80.44018,8.45447,21.7
            -80.439629,8.45443,22
            -80.439089,8.45442,22.4
            -80.43858,8.454459,22.5
            -80.43796,8.45456,23
            -80.43743,8.45468,23.8
            -80.43695,8.45485,24.3
            -80.43658,8.455,24.9
            -80.43622,8.45516,24.6
            -80.43579,8.45538,24.8
            -80.435149,8.45571,25.7
            -80.43482,8.45587,26.1
            -80.43288,8.45685,28.9
            -80.43061,8.458,34.5
            -80.43006,8.45829,34
            -80.42927,8.45868,35.6
            -80.42837,8.45915,36.1
            -80.427449,8.45961,37.1
            -80.42733,8.459669,37.2
            -80.42674,8.45997,37.9
            -80.42652,8.46008,38
            -80.425569,8.46057,38.4
            -80.42507,8.46081,38.9
            -80.42466,8.46102,39.2
            -80.42442,8.46114,39.4
            -80.42392,8.46141,39.8
            -80.42197,8.462389,44.5
            -80.4169,8.46499,43.7
            -80.41534,8.46576,45.2
            -80.41488,8.46599,46.6
            -80.41311,8.46689,44.3
            -80.41202,8.46745,44.5
            -80.41098,8.46797,47.1
            -80.4084,8.46928,49.1
            -80.40773,8.46962,47.4
            -80.4063,8.47034,48.6
            -80.40571,8.47061,49.9
            -80.40508,8.47083,50
            -80.40456,8.47098,49.3
            -80.404079,8.4711,48.8
            -80.40369,8.47116,48.2
            -80.403319,8.471209,47.4
            -80.40291,8.47124,46.5
            -80.40239,8.47125,45.2
            -80.40191,8.47124,43.7
            -80.40156,8.471209,43.1
            -80.40112,8.47115,43.2
            -80.40074,8.47108,43.5
            -80.40057,8.47106,43.6
            -80.39969,8.47091,44
            -80.399289,8.47084,43.3
            -80.39833,8.47066,43.8
            -80.39378,8.46983,49.6
            -80.39322,8.46974,50.1
            -80.39294,8.4697,50
            -80.39274,8.46968,50
            -80.39258,8.46968,50
            -80.39241,8.46967,49.7
            -80.39212,8.46969,48.6
            -80.39186,8.46974,47.7
            -80.39165,8.46979,47
            -80.39133,8.46988,47.1
            -80.39116,8.46993,47.1
            -80.391,8.47,47
            -80.39073,8.47014,46.7
            -80.39052,8.47028,46.7
            -80.390289,8.47043,47
            -80.39015,8.47053,47.3
            -80.39004,8.47062,47.6
            -80.38972,8.47092,48.1
            -80.38883,8.47186,48
            -80.38856,8.472149,48.3
            -80.3878,8.47294,49.8
            -80.38706,8.47371,50.5
            -80.38593,8.47489,50.4
            -80.38543,8.47542,50.7
            -80.38489,8.476,51.2
            -80.384469,8.47644,52.2
            -80.3842,8.47677,53.1
            -80.384,8.47704,53.8
            -80.38373,8.47743,54.5
            -80.38351,8.47781,54.2
            -80.38328,8.47826,53.2
            -80.38311,8.4786,53.5
            -80.383,8.47887,53.8
            -80.38254,8.48003,55.9
            -80.38253,8.48007,55.8
            -80.38236,8.48048,55.7
            -80.38208,8.4812,56.4
            -80.381919,8.481579,56.9
            -80.38182,8.48179,57.1
            -80.3817,8.48203,57
            -80.38166,8.4821,57
            -80.38153,8.4823,56.7
            -80.38128,8.48267,56.1
            -80.381069,8.48293,55.3
            -80.38077,8.48325,54.1
            -80.38063,8.48338,54
            -80.38045,8.48354,53.9
            -80.38002,8.483879,53.4
            -80.37985,8.48399,53.4
            -80.37943,8.48426,53.8
            -80.37872,8.48473,56
            -80.377889,8.48526,57.9
            -80.37747,8.48553,58.1
            -80.37727,8.48567,58.5
            -80.377129,8.48578,58.9
            -80.37667,8.48616,60.4
            -80.37661,8.48623,60.6
            -80.37627,8.48661,61.4
            -80.37612,8.486789,61.5
            -80.3758,8.48724,61.4
            -80.375649,8.48751,61.4
            -80.37564,8.487539,61.5
            -80.37544,8.48792,61.9
            -80.37538,8.48807,62.1
            -80.37531,8.48823,62.3
            -80.37519,8.48861,63.1
            -80.37512,8.48886,63.8
            -80.37502,8.48958,65.4
            -80.374979,8.48999,66
            -80.37491,8.49149,63.6
            -80.3749,8.49203,64.4
            -80.37487,8.4928,66.9
            -80.37482,8.49329,68.2
            -80.37478,8.493639,67.9
            -80.37475,8.49382,67.7
            -80.37466,8.49415,67.2
            -80.37457,8.4944,67.3
            -80.3745,8.4946,67.5
            -80.37445,8.49473,67.8
            -80.37434,8.49495,68.5
            -80.37411,8.49535,68
            -80.37402,8.495469,67.5
            -80.37376,8.49581,66.5
            -80.37367,8.49592,66.3
            -80.37357,8.49603,66
            -80.37346,8.49612,65.8
            -80.37332,8.49626,65.4
            -80.3732,8.496359,64.8
            -80.37306,8.49646,64.2
            -80.37281,8.49664,63.1
            -80.37258,8.49679,62.1
            -80.37234,8.49694,61.8
            -80.37191,8.49718,62.3
            -80.3711,8.49766,64.3
            -80.3703,8.49813,64.2
            -80.369919,8.49835,65.4
            -80.36956,8.49856,67
            -80.3689,8.49896,68.8
            -80.36861,8.49915,69.3
            -80.36843,8.4993,69.7
            -80.36838,8.49935,69.9
            -80.36816,8.49954,70.5
            -80.36811,8.49959,70.7
            -80.36793,8.49976,71.5
            -80.36782,8.499879,72.2
            -80.36774,8.49997,72.8
            -80.36759,8.50016,73.4
            -80.3675,8.5003,73.6
            -80.367279,8.500679,73.1
            -80.36697,8.501289,73.5
            -80.36689,8.50141,73.7
            -80.36687,8.50145,73.7
            -80.36684,8.50152,73.8
            -80.36658,8.50208,73.2
            -80.36646,8.50229,73.1
            -80.36586,8.50342,74.9
            -80.36583,8.50349,75
            -80.365684,8.503752,74.8
            -80.36568,8.50375,74.8
            -80.36539,8.50428,74.7
            -80.36506,8.50489,75
            -80.364369,8.50621,75.8
            -80.36434,8.50625,75.8
            -80.36398,8.50695,76.4
            -80.36376,8.50736,77.3
            -80.36371,8.50746,77.6
            -80.3635,8.50782,78.7
            -80.3633,8.50771,79.3
            -80.363118,8.507616,79.2
            -80.36237,8.50723,78.4
            -80.36233,8.50721,78.4
            -80.36226,8.50717,78.3
            -80.36224,8.50716,78.3
            -80.36223,8.50716,78.3
            -80.36221,8.50715,78.3
            -80.36219,8.50715,78.3
            -80.36218,8.50716,78.3
            -80.362174,8.507166,78.4
            -80.36217,8.50717,78.4
            -80.36216,8.50718,78.4
          </coordinates>
        </LineString>
      </Placemark>
    </Folder>
    <Folder>
      <name>NAE25-128 Penonome to Panama City</name>
      <Placemark>
        <name>NAE25-128 Penonome to Panama City</name>
        <description>-- View in full at http://ridewithgps.com/routes/45708340</description>
        <styleUrl>#line-3949AB-4681</styleUrl>
        <LineString>
          <tessellate>1</tessellate>
          <coordinates>
            -80.36217,8.50717,78.4
            -80.36216,8.50718,78.4
            -80.36216,8.507182,78.4
            -80.36216,8.507199,78.4
            -80.36216,8.50722,78.5
            -80.36216,8.507223,78.5
            -80.36216,8.50723,78.5
            -80.36217,8.50724,78.5
            -80.36232,8.50732,78.6
            -80.362793,8.507567,79.2
            -80.36324,8.5078,79.4
            -80.36345,8.50791,79
            -80.363429,8.50797,79.2
            -80.3634,8.50802,79.3
            -80.36317,8.50845,79.9
            -80.36315,8.508493,79.8
            -80.36295,8.50891,78.8
            -80.3629,8.50902,78.6
            -80.362799,8.50919,78.6
            -80.36268,8.50942,79.6
            -80.36258,8.50962,80.3
            -80.36248,8.50979,80.8
            -80.362219,8.51027,82.1
            -80.36216,8.51038,82.3
            -80.36206,8.51054,82.5
            -80.36183,8.51088,82.8
            -80.36163,8.51114,82.6
            -80.36161,8.51116,82.6
            -80.36116,8.51167,80.8
            -80.360249,8.51265,77.3
            -80.35912,8.51385,82.3
            -80.35866,8.51425,83.9
            -80.35841,8.51441,84.8
            -80.35826,8.51451,85.5
            -80.35815,8.51457,86
            -80.35808,8.5146,86.3
            -80.35779,8.51473,87.5
            -80.357609,8.5148,88.2
            -80.35744,8.51486,88.4
            -80.35715,8.51493,87.5
            -80.35692,8.51498,86.8
            -80.35662,8.51501,86.1
            -80.35619,8.515,86.6
            -80.35499,8.514989,88
            -80.35475,8.51498,88.3
            -80.3546,8.514989,88.5
            -80.35422,8.514989,88.9
            -80.35411,8.514989,89
            -80.35404,8.514989,89
            -80.35387,8.514989,89
            -80.35338,8.51498,89
            -80.35315,8.51498,89.2
            -80.35285,8.51496,89.6
            -80.352729,8.51494,89.7
            -80.35259,8.51492,89.9
            -80.3525,8.5149,90
            -80.35236,8.514849,89.9
            -80.35224,8.51481,89.9
            -80.35209,8.51477,89.7
            -80.35201,8.51473,89.6
            -80.35197,8.51472,89.6
            -80.35183,8.51468,89.4
            -80.35167,8.5146,89
            -80.35148,8.51451,88.9
            -80.35097,8.51428,88.4
            -80.35068,8.51412,88
            -80.35064,8.514099,88
            -80.3502,8.51387,87.7
            -80.35003,8.51379,87.6
            -80.34987,8.51371,87.3
            -80.34952,8.51352,86.3
            -80.34845,8.513,85.1
            -80.34797,8.51275,86.2
            -80.34772,8.51263,87.1
            -80.34736,8.51245,88.1
            -80.34712,8.51233,88.3
            -80.34627,8.5119,86.3
            -80.3455,8.51152,82
            -80.34521,8.51138,82.3
            -80.3449,8.51122,82.8
            -80.34384,8.5107,80.2
            -80.34267,8.51006,77.2
            -80.34151,8.50947,80.3
            -80.34092,8.509169,81.8
            -80.33978,8.50857,83.5
            -80.33962,8.50848,84
            -80.33935,8.5083,85.2
            -80.33916,8.50817,86.4
            -80.33901,8.50804,86.7
            -80.33879,8.50785,86.4
            -80.33862,8.50769,85.5
            -80.33837,8.50746,83.2
            -80.33821,8.50729,82.9
            -80.33806,8.5071,82.8
            -80.33799,8.507,82.8
            -80.337819,8.50676,82.7
            -80.33767,8.50653,82.8
            -80.33756,8.50634,82.9
            -80.33745,8.50613,83.1
            -80.33734,8.5059,83.4
            -80.33733,8.50587,83.4
            -80.33694,8.50499,82.6
            -80.33689,8.50488,82.4
            -80.33681,8.50469,81.9
            -80.33666,8.50435,80.9
            -80.33656,8.50414,80.1
            -80.33642,8.50383,80.6
            -80.336119,8.503119,80.9
            -80.33532,8.50137,79
            -80.335179,8.50107,78.5
            -80.334999,8.50061,77.7
            -80.33453,8.4995,78.4
            -80.33375,8.49767,74.7
            -80.333699,8.49756,74.7
            -80.33339,8.49685,73.7
            -80.33335,8.49675,73.3
            -80.33331,8.49665,73
            -80.3327,8.49526,74.6
            -80.3325,8.49479,74.2
            -80.331999,8.49367,73.1
            -80.33177,8.49321,73
            -80.3317,8.49305,72.7
            -80.33168,8.49301,72.6
            -80.33113,8.49166,70.7
            -80.33086,8.49111,69.4
            -80.33034,8.4899,68.6
            -80.32969,8.488429,69.3
            -80.329669,8.48839,69.2
            -80.32954,8.48809,68.6
            -80.32931,8.4876,68
            -80.32914,8.487209,67.7
            -80.32829,8.48523,67.2
            -80.32813,8.48485,66.8
            -80.3276,8.48371,64.8
            -80.32755,8.483459,64.9
            -80.32723,8.48273,67
            -80.32662,8.48132,62.7
            -80.32643,8.48099,61.6
            -80.32619,8.480409,61
            -80.32587,8.47962,59.2
            -80.325729,8.47932,58.2
            -80.32565,8.47911,57.7
            -80.32559,8.47895,57.3
            -80.32551,8.47865,56.9
            -80.32545,8.478389,56.5
            -80.32544,8.4783,56.5
            -80.3254,8.47803,56.7
            -80.32539,8.47794,56.7
            -80.32538,8.47759,56.9
            -80.3254,8.4773,57
            -80.32543,8.47705,57
            -80.32554,8.47615,56.5
            -80.32556,8.47601,56.3
            -80.32559,8.47571,56
            -80.32559,8.47545,55.8
            -80.32558,8.47521,55.6
            -80.32555,8.47503,55.3
            -80.32552,8.47481,55.5
            -80.32547,8.474589,55.6
            -80.32542,8.47439,55.7
            -80.32538,8.47424,55.8
            -80.32535,8.47417,55.8
            -80.32529,8.474,55.3
            -80.32491,8.47315,53.5
            -80.32455,8.47235,53.2
            -80.32418,8.4715,50.1
            -80.32374,8.47054,46
            -80.32354,8.47015,45.3
            -80.32332,8.46966,46.2
            -80.32283,8.46854,50.7
            -80.3226,8.46801,52.3
            -80.3225,8.46775,53.1
            -80.32246,8.46764,53.6
            -80.322419,8.46754,54
            -80.32236,8.46737,53.7
            -80.32229,8.46706,52.8
            -80.32223,8.46674,51.9
            -80.32221,8.46658,51.8
            -80.3222,8.46635,52.2
            -80.32219,8.46612,52.6
            -80.3222,8.46584,53
            -80.32221,8.46569,52.7
            -80.32223,8.46554,52.4
            -80.3223,8.46524,51.9
            -80.32237,8.46495,51.8
            -80.32246,8.46465,52.7
            -80.32267,8.46396,53.6
            -80.32275,8.46368,53.2
            -80.32279,8.46354,52.9
            -80.32293,8.46312,52
            -80.32305,8.462719,51.8
            -80.32321,8.46221,51.2
            -80.32341,8.4616,49.8
            -80.32354,8.46116,49.2
            -80.3236,8.46091,48.8
            -80.32369,8.46051,46.8
            -80.323759,8.46018,45.2
            -80.32382,8.45979,44.4
            -80.32389,8.459199,44.3
            -80.3239,8.45898,44.8
            -80.32391,8.4586,45.7
            -80.32391,8.45787,47.2
            -80.3239,8.45724,46.9
            -80.32389,8.45642,44.2
            -80.32389,8.45573,44
            -80.32388,8.45501,43.7
            -80.32387,8.45456,43.8
            -80.32386,8.45379,44.7
            -80.32383,8.45319,45.9
            -80.32379,8.452769,46.6
            -80.323759,8.45257,46.9
            -80.32372,8.45234,47
            -80.32364,8.45198,47.1
            -80.32355,8.45169,47.2
            -80.32347,8.451409,46.5
            -80.32333,8.45104,45.5
            -80.32315,8.45062,44.9
            -80.32298,8.45029,44.5
            -80.32276,8.4499,44.3
            -80.32263,8.44968,44.6
            -80.32234,8.44926,45
            -80.3219,8.44867,43.4
            -80.32163,8.44832,42.1
            -80.32146,8.44809,42.6
            -80.32126,8.44784,42.8
            -80.32064,8.4471,40.2
            -80.31981,8.44607,36.1
            -80.31867,8.44468,30.6
            -80.31855,8.44454,29.9
            -80.31797,8.44385,29
            -80.31753,8.44328,30.1
            -80.31652,8.44206,32.2
            -80.31602,8.44144,31.4
            -80.31584,8.44121,31
            -80.31554,8.44085,30.3
            -80.31487,8.44007,29.3
            -80.31419,8.43926,28.4
            -80.313509,8.43844,29.3
            -80.31313,8.43796,30.7
            -80.31265,8.43739,31.3
            -80.31226,8.436959,34.5
            -80.31181,8.43652,38.1
            -80.311539,8.43625,38.7
            -80.311269,8.43604,38.7
            -80.30989,8.43486,35.1
            -80.30893,8.43404,32.4
            -80.30834,8.43352,32.6
            -80.30801,8.43324,31.4
            -80.30725,8.43258,30.5
            -80.30673,8.43215,30.6
            -80.30592,8.43146,32.9
            -80.30529,8.43091,35.9
            -80.30463,8.43034,38.8
            -80.303749,8.42957,41
            -80.30328,8.42918,41.1
            -80.30255,8.42858,40.8
            -80.3001,8.42645,41.1
            -80.29969,8.42611,41.9
            -80.29915,8.42564,42
            -80.29902,8.42552,42
            -80.29816,8.42478,40.4
            -80.29792,8.42458,40
            -80.29723,8.424,39.8
            -80.29676,8.4236,39.2
            -80.29455,8.421709,30.5
            -80.29403,8.42126,31.1
            -80.29377,8.42103,31.1
            -80.29306,8.42042,30.2
            -80.29244,8.41989,29.9
            -80.29218,8.41967,30.2
            -80.29164,8.41918,30.1
            -80.29138,8.41892,30
            -80.29121,8.41872,30.1
            -80.29087,8.41827,31
            -80.29077,8.41813,31.5
            -80.29067,8.41796,31.8
            -80.29055,8.41775,32
            -80.29046,8.417579,32
            -80.29037,8.4174,31.8
            -80.29027,8.41718,31.7
            -80.29012,8.416829,31.7
            -80.2899,8.41634,31.2
            -80.28959,8.4156,30.5
            -80.28935,8.4151,30.1
            -80.28921,8.41483,28.7
            -80.28909,8.41463,28.3
            -80.28899,8.41449,28.3
            -80.28888,8.41435,28.5
            -80.2888,8.41424,28.8
            -80.28862,8.41404,29.9
            -80.28849,8.4139,30.5
            -80.288259,8.41371,31
            -80.28803,8.41354,30.8
            -80.28789,8.41344,30.6
            -80.28774,8.41334,30.3
            -80.28741,8.41318,30.2
            -80.28645,8.41279,31.8
            -80.28588,8.41257,32.9
            -80.28413,8.41191,35.1
            -80.28295,8.41139,36.1
            -80.28266,8.41124,35.7
            -80.28239,8.41108,35.3
            -80.281989,8.41083,33.6
            -80.28151,8.41046,32.9
            -80.2812,8.41019,33.2
            -80.28068,8.40975,33.7
            -80.2791,8.40841,33.9
            -80.27819,8.40765,35.8
            -80.27817,8.40763,35.8
            -80.27812,8.40758,35.9
            -80.27763,8.40717,35.3
            -80.27476,8.40475,30.6
            -80.27315,8.40336,30
            -80.27171,8.40215,31
            -80.27068,8.40134,35.1
            -80.26939,8.40029,34.1
            -80.26928,8.40019,33.6
            -80.26873,8.39972,33.7
            -80.26863,8.39963,33.8
            -80.26846,8.39948,33.9
            -80.26834,8.39939,34
            -80.26822,8.3993,34.2
            -80.2681,8.39921,34.3
            -80.26798,8.39912,34.5
            -80.26788,8.39906,34.7
            -80.26778,8.39899,35
            -80.26769,8.39894,35.3
            -80.26752,8.39885,35.7
            -80.26733,8.39876,36.2
            -80.26715,8.39868,36.4
            -80.26699,8.39863,36.5
            -80.2668,8.39857,36.5
            -80.26664,8.39854,36.4
            -80.26647,8.39851,36.1
            -80.26635,8.39849,35.9
            -80.26621,8.39847,35.6
            -80.26591,8.39846,35.1
            -80.26575,8.39846,35.1
            -80.265559,8.39846,35.3
            -80.26528,8.39849,35.7
            -80.26502,8.39851,36
            -80.26479,8.39855,35.9
            -80.26415,8.39865,35.6
            -80.26385,8.39869,34.4
            -80.263319,8.39878,32.4
            -80.26301,8.39883,31.4
            -80.26272,8.39888,30.6
            -80.26187,8.39902,27.9
            -80.26093,8.39913,27
            -80.25936,8.39934,25.8
            -80.2578,8.39958,25.4
            -80.25655,8.39979,23.2
            -80.25511,8.40002,24.7
            -80.25314,8.40033,28
            -80.25284,8.40038,29
            -80.25258,8.40043,29.9
            -80.25221,8.40051,30.9
            -80.25187,8.40059,31.3
            -80.25157,8.40068,31.4
            -80.25127,8.400779,32
            -80.25096,8.40089,32.7
            -80.25071,8.40098,32.9
            -80.25019,8.40121,32.9
            -80.24981,8.401389,34
            -80.248949,8.40178,37.1
            -80.2487,8.4019,37.3
            -80.24832,8.40207,37.5
            -80.24812,8.40215,37.4
            -80.24791,8.40222,37.3
            -80.24775,8.40227,37.3
            -80.24762,8.4023,37.3
            -80.247559,8.40232,37.4
            -80.24714,8.40242,37.3
            -80.24676,8.4025,37.1
            -80.2464,8.40258,36.7
            -80.24599,8.40267,36.7
            -80.24545,8.40279,36.4
            -80.24496,8.4029,36
            -80.24456,8.40298,36
            -80.24435,8.40302,36
            -80.24412,8.40304,36.2
            -80.243889,8.40305,37
            -80.243709,8.40305,37.6
            -80.24349,8.40303,38.4
            -80.24334,8.40302,39
            -80.2431,8.40297,39.2
            -80.24292,8.40293,39.3
            -80.24272,8.40287,39.3
            -80.24253,8.402799,39.3
            -80.24229,8.4027,39
            -80.24212,8.40262,38.8
            -80.2419,8.40251,38.3
            -80.24161,8.40236,38
            -80.24145,8.40227,38
            -80.2413,8.402189,38
            -80.2368,8.39981,36.8
            -80.23448,8.39861,32
            -80.23246,8.39756,31.9
            -80.23188,8.39723,30.6
            -80.23085,8.39671,29.1
            -80.230099,8.39631,27.3
            -80.22924,8.39587,27
            -80.22861,8.39554,26.5
            -80.22818,8.39531,26.9
            -80.22796,8.39518,27.6
            -80.22777,8.39506,28.1
            -80.22714,8.39465,28
            -80.22598,8.39381,28.1
            -80.22492,8.393039,28.4
            -80.22425,8.39255,29.7
            -80.223789,8.39222,29.6
            -80.22268,8.39142,29.6
            -80.2225,8.3913,29.6
            -80.22176,8.39084,28.1
            -80.22153,8.3907,27.4
            -80.2213,8.39057,26.6
            -80.22108,8.390459,26
            -80.220879,8.39036,25.5
            -80.2205,8.39017,24.7
            -80.22019,8.39002,24.2
            -80.22002,8.38994,24
            -80.21939,8.38967,23.2
            -80.21918,8.38959,23
            -80.21862,8.389379,24.1
            -80.21844,8.38932,24.6
            -80.21821,8.389239,25
            -80.21775,8.389099,25.6
            -80.21753,8.38903,25.6
            -80.21707,8.388909,25.2
            -80.21655,8.38879,25.2
            -80.21508,8.38846,26.4
            -80.21325,8.388059,27.7
            -80.212729,8.38794,27.9
            -80.21226,8.38784,27.7
            -80.21055,8.38747,29
            -80.21041,8.38744,29
            -80.20979,8.3873,28.9
            -80.20868,8.38706,27.6
            -80.20779,8.38687,27.8
            -80.20684,8.386659,29.4
            -80.20528,8.38631,25.6
            -80.20477,8.386189,24.5
            -80.20408,8.38602,24.7
            -80.2035,8.385899,25.8
            -80.20311,8.38582,26.8
            -80.20307,8.385809,26.9
            -80.2029,8.38578,27.4
            -80.20242,8.385719,28.9
            -80.20197,8.385669,30
            -80.20139,8.38563,31.6
            -80.200729,8.385579,33.4
            -80.20009,8.38554,35
            -80.19958,8.38551,35.1
            -80.19909,8.3855,35
            -80.19796,8.385439,35.6
            -80.19778,8.385429,35.7
            -80.19717,8.385389,35.3
            -80.19669,8.38538,34.3
            -80.19646,8.38537,34.4
            -80.19607,8.385339,34.6
            -80.19523,8.385289,34
            -80.19364,8.38518,36.2
            -80.19215,8.385109,34.5
            -80.19174,8.38508,33.5
            -80.18755,8.3848,36.7
            -80.186449,8.38475,36.7
            -80.18579,8.38472,36.7
            -80.18488,8.38465,36.4
            -80.18398,8.3846,36.9
            -80.18339,8.38456,38.4
            -80.18305,8.384539,37.8
            -80.1823,8.38449,36.6
            -80.182239,8.38449,36.7
            -80.18167,8.384449,37.3
            -80.181299,8.38443,35.7
            -80.18064,8.38441,33.3
            -80.18029,8.38439,32.8
            -80.18001,8.38437,32.2
            -80.17941,8.38433,31.7
            -80.17877,8.3843,30.1
            -80.17813,8.38427,28.8
            -80.17777,8.38424,29.4
            -80.17739,8.38419,30.1
            -80.177,8.38413,30.5
            -80.17693,8.384119,30.6
            -80.17658,8.38406,30.5
            -80.17641,8.38402,30
            -80.17618,8.38397,29.4
            -80.17579,8.38387,28.2
            -80.17558,8.38381,27.4
            -80.17541,8.38376,26.7
            -80.17516,8.38368,25.9
            -80.17489,8.38359,25.2
            -80.17447,8.383459,24.5
            -80.17392,8.38329,23.3
            -80.17332,8.3831,22
            -80.173,8.382999,22.2
            -80.17281,8.38294,22.7
            -80.17233,8.38279,24
            -80.17201,8.38268,24.9
            -80.17182,8.38263,25.7
            -80.171629,8.38258,26.3
            -80.1713,8.3825,26.9
            -80.17102,8.38242,27.5
            -80.17066,8.38235,28.2
            -80.170509,8.38231,28.5
            -80.17037,8.38227,28.7
            -80.17012,8.38219,29
            -80.1697,8.38204,31.3
            -80.16953,8.38198,32.8
            -80.16934,8.38189,34.6
            -80.16912,8.38179,36.6
            -80.16907,8.381769,36.7
            -80.16865,8.38158,37
            -80.16847,8.3815,37
            -80.16832,8.38143,37
            -80.1681,8.381309,36.9
            -80.16788,8.3812,36.6
            -80.16763,8.38106,36
            -80.167509,8.38099,35.6
            -80.16733,8.380879,35.5
            -80.16701,8.380649,36.1
            -80.16694,8.38061,36.3
            -80.16658,8.38036,37
            -80.16606,8.37998,36.3
            -80.16592,8.37987,36.2
            -80.16518,8.379289,36.3
            -80.16492,8.37907,36.1
            -80.16463,8.37884,35.9
            -80.16457,8.3788,35.8
            -80.16452,8.37876,35.6
            -80.16383,8.378209,34.5
            -80.16208,8.376799,34.6
            -80.16162,8.376429,33.8
            -80.16158,8.3764,33.8
            -80.16113,8.37604,33.6
            -80.16081,8.37579,33
            -80.16025,8.37536,32.5
            -80.16015,8.37527,32.3
            -80.15997,8.37515,31.9
            -80.159809,8.37505,31.1
            -80.15968,8.37498,30.5
            -80.15956,8.374919,30.1
            -80.15933,8.37482,29.3
            -80.15912,8.37477,28.7
            -80.15899,8.374739,28.6
            -80.15888,8.37472,28.4
            -80.15873,8.374689,28.3
            -80.15863,8.37468,28.1
            -80.15843,8.37467,27.8
            -80.15831,8.37467,27.5
            -80.15819,8.37467,27.1
            -80.15809,8.37467,26.8
            -80.15792,8.374689,26.1
            -80.15737,8.37479,24.2
            -80.1571,8.37486,24.8
            -80.15692,8.3749,25.2
            -80.15552,8.375159,28.3
            -80.15419,8.37543,30.5
            -80.153809,8.37552,30
            -80.15362,8.37556,29.8
            -80.15343,8.37562,29.6
            -80.15317,8.37569,29.5
            -80.152959,8.375769,29.4
            -80.15253,8.37594,29.5
            -80.15231,8.37603,30.1
            -80.15212,8.37611,30.5
            -80.15165,8.376329,31.2
            -80.15146,8.376429,31.1
            -80.15118,8.37656,30.7
            -80.15045,8.37691,29.4
            -80.14896,8.37762,25.6
            -80.14831,8.377929,24.9
            -80.14766,8.37817,21.9
            -80.14751,8.37822,21.2
            -80.14704,8.37837,19.4
            -80.1463,8.37855,17.4
            -80.14594,8.37864,16.8
            -80.14568,8.378729,16.3
            -80.14555,8.37878,15.9
            -80.14537,8.378859,15.5
            -80.14497,8.37903,14.3
            -80.14466,8.37917,14
            -80.14446,8.37926,13.9
            -80.14392,8.37953,14.3
            -80.14334,8.37983,14.8
            -80.14261,8.38014,15.4
            -80.14221,8.38033,14.8
            -80.142,8.38042,14.4
            -80.14149,8.38064,14.9
            -80.14125,8.38072,16.2
            -80.14107,8.38078,17.4
            -80.14079,8.38086,19.2
            -80.14036,8.380979,21
            -80.14009,8.38105,22.1
            -80.13956,8.381159,23.7
            -80.139349,8.38119,24.4
            -80.139,8.38123,25.4
            -80.13707,8.381399,29.5
            -80.13672,8.38143,29.7
            -80.13522,8.381589,30.3
            -80.13401,8.3817,30.1
            -80.13329,8.381769,30.5
            -80.13099,8.38195,31.9
            -80.1302,8.38203,32.4
            -80.12942,8.38211,32.9
            -80.12723,8.382339,34.4
            -80.127129,8.38235,34.4
            -80.12694,8.38237,34.2
            -80.12662,8.3824,33.8
            -80.12582,8.382479,31.1
            -80.12331,8.38272,32.5
            -80.12254,8.38279,32.1
            -80.12205,8.382849,30
            -80.12088,8.38296,24.1
            -80.120279,8.38303,24.5
            -80.11952,8.3831,25
            -80.11922,8.383129,25.3
            -80.11896,8.38317,26
            -80.118799,8.3832,26.5
            -80.11867,8.383229,26.9
            -80.1185,8.38326,27.4
            -80.11833,8.38331,28
            -80.118129,8.383369,28.9
            -80.118,8.383419,29.5
            -80.11781,8.3835,30.4
            -80.11762,8.38358,31.2
            -80.11611,8.38437,31.1
            -80.1137,8.385619,29.5
            -80.11188,8.38654,32.6
            -80.11023,8.38738,35.8
            -80.11011,8.38744,35.9
            -80.10907,8.387969,34.2
            -80.10549,8.38983,30
            -80.10229,8.39147,15.4
            -80.10065,8.39231,18.9
            -80.09991,8.39268,25.9
            -80.09961,8.39284,26.1
            -80.099279,8.393039,26.2
            -80.09864,8.39337,25
            -80.09793,8.39375,26.3
            -80.09711,8.39417,26.6
            -80.09558,8.39494,34.5
            -80.09447,8.3955,40.5
            -80.09237,8.39659,38.8
            -80.09218,8.39669,39
            -80.09094,8.39733,42.1
            -80.09076,8.39742,42.5
            -80.09057,8.39752,42
            -80.09044,8.397589,41.4
            -80.08975,8.39795,39.1
            -80.08899,8.398339,36.9
            -80.08878,8.39845,35.7
            -80.08815,8.39877,32.7
            -80.08798,8.39886,32.2
            -80.0878,8.398949,31.6
            -80.08739,8.39916,29.8
            -80.0866,8.39957,27.8
            -80.08638,8.39968,27
            -80.0858,8.39998,24
            -80.08544,8.40016,22.5
            -80.0849,8.40044,20.4
            -80.08471,8.40054,20.5
            -80.08443,8.40068,21.3
            -80.08423,8.400779,22.4
            -80.08386,8.400969,23.7
            -80.0834,8.4012,24.4
            -80.08313,8.40134,25.5
            -80.08277,8.40155,27.1
            -80.08254,8.4017,28
            -80.08234,8.401859,28.5
            -80.08216,8.40201,28.7
            -80.08205,8.40211,28.7
            -80.08199,8.40218,28.7
            -80.08192,8.40224,28.6
            -80.08186,8.40231,28.5
            -80.08089,8.40337,20.5
            -80.07978,8.40461,21.3
            -80.07942,8.40501,24.5
            -80.07897,8.40549,26.8
            -80.07855,8.406,31.3
            -80.07846,8.406129,32.6
            -80.0784,8.40626,33.7
            -80.078329,8.40639,35
            -80.07828,8.40654,35.5
            -80.07826,8.40664,35.9
            -80.07823,8.40678,36.3
            -80.07821,8.40692,36.6
            -80.07819,8.40728,37.3
            -80.07818,8.40816,36.9
            -80.07818,8.40842,36.7
            -80.07817,8.40912,37
            -80.07813,8.41251,46.3
            -80.07811,8.41293,48.8
            -80.07809,8.41307,49.7
            -80.07807,8.41322,50.6
            -80.07802,8.41346,51.3
            -80.07798,8.4136,51.3
            -80.07794,8.41376,51.3
            -80.07785,8.41403,51.8
            -80.07776,8.414249,52.9
            -80.07759,8.41462,56
            -80.07725,8.41537,57.1
            -80.07639,8.41728,52
            -80.07601,8.41811,54.4
            -80.07572,8.41876,56.7
            -80.07511,8.4201,59.1
            -80.07446,8.42153,58.6
            -80.07392,8.42269,64.7
            -80.07346,8.423679,68.4
            -80.07343,8.42375,68.5
            -80.07313,8.42441,68.9
            -80.07292,8.42484,68.3
            -80.07283,8.42502,68
            -80.07275,8.42516,67.8
            -80.07259,8.42541,67.2
            -80.07251,8.4255,66.8
            -80.0723,8.42574,65.8
            -80.07185,8.426119,65.1
            -80.07171,8.42624,65
            -80.071299,8.426589,67.2
            -80.07047,8.42727,71
            -80.07005,8.42763,70.3
            -80.06927,8.42828,62
            -80.06826,8.4291,52.3
            -80.06784,8.42944,50.4
            -80.0676,8.42963,49
            -80.06753,8.4297,48.5
            -80.06698,8.43017,44.6
            -80.06614,8.4309,47
            -80.06604,8.43098,47.3
            -80.06589,8.43111,47.7
            -80.06574,8.43122,48.1
            -80.06507,8.43174,50
            -80.06472,8.43202,51
            -80.06399,8.43263,58.4
            -80.06354,8.43302,60.3
            -80.06269,8.433719,63.4
            -80.06238,8.43398,64.3
            -80.06142,8.43476,65.1
            -80.06094,8.43516,64.6
            -80.060509,8.43549,66.2
            -80.0597,8.43608,69.6
            -80.05955,8.43619,69.9
            -80.05928,8.43637,70.3
            -80.05875,8.43669,69.1
            -80.05852,8.43683,68.4
            -80.05832,8.43692,67.9
            -80.05809,8.43702,67.8
            -80.05783,8.43713,67.8
            -80.05773,8.43716,67.8
            -80.05722,8.43735,69.2
            -80.05628,8.43766,71.3
            -80.05534,8.437989,71
            -80.05499,8.4381,71.8
            -80.05465,8.43822,69.1
            -80.05458,8.43824,68.4
            -80.05406,8.43844,63.5
            -80.05345,8.43865,60.6
            -80.05174,8.43927,51.4
            -80.0514,8.43939,49.7
            -80.04986,8.43993,49.5
            -80.04924,8.44016,46.2
            -80.04905,8.44022,47.1
            -80.04888,8.44028,48.9
            -80.04855,8.4404,52.1
            -80.04837,8.44049,53.9
            -80.04826,8.44054,54.7
            -80.0478,8.4408,57.5
            -80.04762,8.44091,58.9
            -80.0474,8.44105,60.1
            -80.04714,8.441229,59.7
            -80.04674,8.44152,57.1
            -80.04628,8.44182,57.2
            -80.04595,8.44203,59.7
            -80.04528,8.44247,63.1
            -80.04492,8.44271,59.4
            -80.04471,8.44286,57.4
            -80.04435,8.44311,55.5
            -80.04417,8.44322,55.3
            -80.04377,8.443479,55.2
            -80.04357,8.44361,55.3
            -80.04313,8.44392,56.4
            -80.042869,8.4441,57.5
            -80.04265,8.444229,58.4
            -80.04228,8.44446,59.7
            -80.04204,8.44462,60
            -80.04164,8.44491,58.6
            -80.04114,8.44524,54
            -80.04044,8.44571,49.8
            -80.04039,8.44575,49.5
            -80.03962,8.44627,48
            -80.03877,8.44685,52
            -80.03864,8.44695,53
            -80.03768,8.44764,61.8
            -80.03709,8.44804,65
            -80.03654,8.44841,67.2
            -80.03641,8.448499,66.6
            -80.03627,8.44858,65.9
            -80.03608,8.44867,65.2
            -80.035839,8.44878,64.6
            -80.03557,8.44887,63.1
            -80.03528,8.44895,61.4
            -80.03504,8.44901,60.1
            -80.03486,8.44904,59.5
            -80.03463,8.44907,58.9
            -80.03439,8.44908,58.4
            -80.0342,8.44909,57.9
            -80.033869,8.44907,58
            -80.03363,8.44905,58
            -80.03335,8.44902,57.9
            -80.033199,8.44899,57.9
            -80.03276,8.44892,58.1
            -80.032349,8.44885,57.6
            -80.03184,8.44876,55.6
            -80.03173,8.44874,55.1
            -80.0314,8.44868,54.2
            -80.03106,8.44863,53.4
            -80.02986,8.44845,55.7
            -80.02565,8.44786,39.6
            -80.02513,8.44779,41.2
            -80.02495,8.44776,42.2
            -80.0248,8.44774,43.6
            -80.02347,8.44756,53.5
            -80.022589,8.44743,57.5
            -80.02246,8.44742,57.8
            -80.02219,8.44739,57.8
            -80.02122,8.44724,57.5
            -80.02114,8.44722,57.5
            -80.02021,8.4471,53.3
            -80.01988,8.44705,51.6
            -80.01956,8.44701,50.4
            -80.01917,8.44698,48.8
            -80.01881,8.44697,48.9
            -80.01846,8.44696,49.1
            -80.01805,8.44697,48.8
            -80.01786,8.44698,48.6
            -80.01752,8.44701,48.3
            -80.0172,8.44706,48.6
            -80.01671,8.44715,49.3
            -80.01591,8.44729,54.1
            -80.01521,8.44743,50.7
            -80.01467,8.44754,48.1
            -80.01352,8.44777,45.7
            -80.01243,8.44799,42.8
            -80.01212,8.44806,40.7
            -80.01199,8.44809,39.9
            -80.01182,8.44814,38.9
            -80.01147,8.44824,37.3
            -80.01112,8.448359,36.1
            -80.01089,8.44845,35.5
            -80.01081,8.44847,35.3
            -80.01065,8.44854,35
            -80.01049,8.44861,34.7
            -80.01033,8.44868,34.4
            -80.01021,8.44874,34.1
            -80.01002,8.448829,33.7
            -80.00975,8.44898,32.5
            -80.00967,8.44903,32.2
            -80.00943,8.44917,31.3
            -80.00928,8.44925,30.9
            -80.00911,8.44935,30.9
            -80.0091,8.44936,30.9
            -80.00897,8.44943,31.1
            -80.00885,8.44949,31.2
            -80.00867,8.4496,31.1
            -80.0085,8.4497,30.8
            -80.00819,8.44988,30
            -80.00783,8.45007,29.5
            -80.00757,8.45022,29.1
            -80.00735,8.450329,29.5
            -80.00687,8.4506,30.7
            -80.00667,8.45072,31.1
            -80.00643,8.45084,31
            -80.00614,8.45101,31.1
            -80.00561,8.45132,31.9
            -80.00558,8.45134,32
            -80.00522,8.45154,33.1
            -80.00456,8.4519,37.6
            -80.00404,8.45219,40.6
            -80.003649,8.45241,41.2
            -80.00321,8.45266,42.9
            -80.0029,8.45283,44.6
            -80.00225,8.45319,50.1
            -80.00165,8.45353,53.4
            -80.00162,8.45355,53.4
            -80.00121,8.45378,53.3
            -80.00096,8.45391,53.3
            -80.00082,8.453989,54
            -80.00057,8.45413,54
            -80.00023,8.45433,52
            -80.0002,8.45434,52
            -79.99984,8.45455,53.8
            -79.998769,8.45514,54.7
            -79.9972,8.45603,52.5
            -79.99626,8.45655,51.7
            -79.99518,8.45715,51.6
            -79.9948,8.457369,51.9
            -79.99448,8.45754,53.6
            -79.99418,8.45769,55.2
            -79.99392,8.45781,54.7
            -79.99365,8.45793,54.3
            -79.99346,8.45801,54
            -79.99328,8.45807,53.8
            -79.99303,8.45816,53
            -79.99282,8.45822,52.2
            -79.99255,8.4583,51.2
            -79.99238,8.45835,51
            -79.99217,8.45839,50.9
            -79.99182,8.45846,50.4
            -79.99149,8.45851,49.3
            -79.99126,8.45855,48.3
            -79.99103,8.45857,47.4
            -79.99055,8.45864,44.9
            -79.98812,8.45892,41
            -79.98797,8.45894,40.2
            -79.98716,8.45904,37
            -79.98639,8.45914,36.7
            -79.98566,8.45923,39.1
            -79.98379,8.45945,42.1
            -79.983099,8.45953,42.8
            -79.9827,8.45958,44
            -79.98194,8.459669,44.5
            -79.98156,8.45972,44.6
            -79.98093,8.4598,44.4
            -79.98045,8.45986,43.2
            -79.98008,8.45992,42.1
            -79.97981,8.45997,41.5
            -79.979519,8.46003,40.9
            -79.97921,8.46011,40.2
            -79.9789,8.46021,39
            -79.97856,8.46033,37.5
            -79.97851,8.46034,37.3
            -79.97847,8.46036,37.1
            -79.97815,8.4605,35.6
            -79.97781,8.46065,33.8
            -79.97735,8.46087,31.6
            -79.97707,8.46101,30.7
            -79.97685,8.46112,29.9
            -79.97631,8.46141,27.9
            -79.97561,8.461779,25
            -79.97526,8.46196,23.7
            -79.97475,8.46224,24.9
            -79.97392,8.46268,26
            -79.97293,8.4632,29.3
            -79.972489,8.46343,31.7
            -79.97205,8.46367,34.9
            -79.97005,8.46473,38
            -79.96941,8.46506,39.5
            -79.96915,8.4652,40.2
            -79.96905,8.46525,39.8
            -79.967609,8.46603,40.5
            -79.96713,8.46629,44.3
            -79.9665,8.46664,47.2
            -79.96619,8.46683,46.4
            -79.96571,8.46709,45.7
            -79.96539,8.467269,45.2
            -79.965059,8.46745,44.2
            -79.96474,8.46762,43
            -79.964429,8.4678,41.5
            -79.96424,8.4679,40.7
            -79.96413,8.46798,40
            -79.96391,8.46814,38.4
            -79.96372,8.46828,37.2
            -79.96355,8.46844,36.1
            -79.96342,8.46856,35.4
            -79.96332,8.46868,34.7
            -79.96318,8.46884,33.9
            -79.96307,8.469,33.2
            -79.96293,8.46921,32.4
            -79.96281,8.46941,32
            -79.96272,8.46955,31.7
            -79.96265,8.46969,31.4
            -79.96245,8.470039,31.2
            -79.96234,8.47024,31.6
            -79.96217,8.47054,32.4
            -79.96202,8.47082,33.3
            -79.96193,8.47098,33
            -79.96186,8.47111,32.6
            -79.96177,8.47131,31.8
            -79.96154,8.47177,28.5
            -79.9613,8.47222,25.1
            -79.96118,8.47247,23.7
            -79.96107,8.47267,22.9
            -79.96086,8.47308,22.6
            -79.9607,8.473369,23.4
            -79.96044,8.47388,25.5
            -79.96022,8.474309,25.4
            -79.96015,8.47444,24.7
            -79.95912,8.47631,21.2
            -79.95902,8.47655,20.4
            -79.95881,8.47697,20.4
            -79.95863,8.477359,20.8
            -79.95862,8.47738,20.9
            -79.958519,8.47763,21.8
            -79.95843,8.47783,23
            -79.95834,8.4781,24.6
            -79.95829,8.47829,26.1
            -79.95823,8.47856,27.9
            -79.95818,8.478859,29.9
            -79.95816,8.47906,31.1
            -79.95814,8.47936,32.5
            -79.95813,8.47965,33.6
            -79.958119,8.48048,34.9
            -79.95813,8.48074,34.9
            -79.95815,8.48108,36
            -79.95814,8.481769,39.2
            -79.95814,8.4821,40.6
            -79.958119,8.48261,42.5
            -79.958119,8.48315,43.8
            -79.958119,8.48342,44.4
            -79.95813,8.48353,44.6
            -79.958119,8.48368,44.9
            -79.958119,8.48392,45.3
            -79.958119,8.484209,45.8
            -79.958119,8.4847,46.4
            -79.958119,8.48497,46.7
            -79.958119,8.48535,46.9
            -79.958119,8.48558,46.9
            -79.958119,8.48603,46.8
            -79.958119,8.486459,46.3
            -79.958119,8.48672,46
            -79.958119,8.48702,45.7
            -79.95811,8.48753,45.4
            -79.95811,8.48759,45.5
            -79.95809,8.48825,46.5
            -79.95811,8.48887,45.8
            -79.95811,8.4893,45.5
            -79.9581,8.489649,45.6
            -79.95809,8.49003,45.5
            -79.95808,8.49041,43.2
            -79.95808,8.49074,41.3
            -79.95807,8.49125,37.3
            -79.95807,8.49173,33.8
            -79.9581,8.49293,32.8
            -79.9581,8.49349,34.9
            -79.9581,8.49393,35.8
            -79.95809,8.49468,38.8
            -79.95809,8.49531,42.1
            -79.9581,8.49602,46.1
            -79.9581,8.49623,47.1
            -79.9581,8.49665,49.2
            -79.9581,8.49703,50.8
            -79.95808,8.49742,52.6
            -79.95807,8.49776,54.2
            -79.95807,8.49807,55.7
            -79.95805,8.49837,57.2
            -79.95801,8.49874,59
            -79.95789,8.499409,62.5
            -79.95783,8.49975,64
            -79.95778,8.49996,64.9
            -79.95769,8.50028,65.5
            -79.95765,8.50042,65.7
            -79.957579,8.50064,65.9
            -79.95751,8.5008,66
            -79.95744,8.50098,66.1
            -79.95737,8.50115,66.2
            -79.95732,8.50125,66.1
            -79.957089,8.50174,65.6
            -79.956909,8.5021,65
            -79.95677,8.50234,64.4
            -79.956549,8.50269,65
            -79.955879,8.50366,69.2
            -79.95543,8.504289,70.4
            -79.95528,8.5045,69.8
            -79.95415,8.50611,61.6
            -79.95412,8.50616,61.5
            -79.95401,8.50632,61
            -79.9535,8.50704,60
            -79.95318,8.50751,58.9
            -79.95294,8.50786,56.5
            -79.95275,8.508139,54.8
            -79.9526,8.50836,53.7
            -79.95253,8.50847,53.8
            -79.95241,8.50864,55
            -79.95229,8.50881,56.6
            -79.952119,8.50902,58.9
            -79.95202,8.50915,60.4
            -79.95191,8.50932,61.5
            -79.95182,8.50948,62.2
            -79.95173,8.50965,62.8
            -79.95164,8.5098,63
            -79.95151,8.5101,63
            -79.95142,8.5103,63.2
            -79.95132,8.5105,63.3
            -79.95125,8.51071,63.4
            -79.95114,8.51104,62.4
            -79.95106,8.51134,61.3
            -79.95101,8.51153,60.6
            -79.95096,8.51177,59.4
            -79.95093,8.51195,57.9
            -79.95089,8.51224,55.5
            -79.95087,8.51234,54.6
            -79.95084,8.51278,54.4
            -79.95086,8.51308,56
            -79.95088,8.51336,57.4
            -79.95089,8.51353,57.4
            -79.9509,8.5138,57.4
            -79.95093,8.51407,57.3
            -79.95098,8.51457,57.6
            -79.95102,8.51495,57.8
            -79.95105,8.51529,59.6
            -79.95106,8.51545,60.7
            -79.951089,8.51562,61.7
            -79.95113,8.51583,62.9
            -79.95113,8.51613,65.1
            -79.95113,8.51617,65.4
            -79.95113,8.5163,66.3
            -79.95114,8.51652,67.8
            -79.9511,8.516679,69
            -79.95105,8.516819,68.5
            -79.95098,8.51698,67.8
            -79.9509,8.51713,66.8
            -79.950819,8.51727,65.6
            -79.95071,8.51739,64.2
            -79.95062,8.51749,63.1
            -79.95052,8.51759,61.6
            -79.95038,8.5177,60.1
            -79.95028,8.51776,59.3
            -79.95016,8.51783,58.4
            -79.95004,8.51788,57.8
            -79.94989,8.51794,56.7
            -79.94966,8.51802,54.8
            -79.9494,8.5181,52.8
            -79.94898,8.51822,49.6
            -79.94781,8.5185,48.1
            -79.94744,8.5186,49.5
            -79.94729,8.518649,49.1
            -79.94717,8.5187,48.8
            -79.94701,8.51876,48.4
            -79.94684,8.51883,47.9
            -79.94665,8.518929,47.7
            -79.94652,8.519,48.4
            -79.946389,8.519069,48.9
            -79.94628,8.51915,49.4
            -79.94618,8.51922,49.8
            -79.94609,8.51928,50.1
            -79.94598,8.51937,50.6
            -79.94586,8.51945,51.1
            -79.94566,8.51964,52
            -79.94544,8.51984,52.4
            -79.94544,8.51985,52.5
            -79.945359,8.51996,52.6
            -79.94519,8.520149,52.7
            -79.94513,8.52025,52.9
            -79.94489,8.52051,53.8
            -79.94454,8.520899,55.6
            -79.94437,8.52108,55.6
            -79.94417,8.52133,54.8
            -79.94392,8.52162,54.1
            -79.943879,8.52166,54
            -79.94351,8.5221,53.4
            -79.94309,8.5226,52.7
            -79.9428,8.522919,53.1
            -79.94247,8.5233,53
            -79.942359,8.5234,54
            -79.9422,8.52356,55.9
            -79.94208,8.52366,57.3
            -79.9419,8.52382,59.5
            -79.94176,8.52394,61.3
            -79.941599,8.52406,62.8
            -79.94158,8.52408,63
            -79.94146,8.52417,63.5
            -79.94117,8.52436,63.2
            -79.941,8.52447,62.9
            -79.94087,8.52455,62.6
            -79.94043,8.52481,61.9
            -79.94,8.52506,60.5
            -79.93975,8.52519,56.7
            -79.93929,8.52544,51
            -79.93887,8.52568,48.8
            -79.93849,8.52589,48.5
            -79.93812,8.5261,51.8
            -79.93779,8.5263,55.4
            -79.93733,8.52654,57.8
            -79.93695,8.52676,58.2
            -79.93668,8.52692,58.3
            -79.93648,8.52703,58.4
            -79.93604,8.52729,58.7
            -79.93587,8.52739,58.9
            -79.93573,8.52748,59.1
            -79.93561,8.52756,59.1
            -79.93556,8.5276,59
            -79.93536,8.52773,59.1
            -79.93477,8.52815,58.4
            -79.9344,8.52844,56.8
            -79.93418,8.52861,56
            -79.933449,8.52921,52.7
            -79.932779,8.52974,53.8
            -79.93156,8.530709,55
            -79.93144,8.53082,54.7
            -79.93122,8.530989,55.4
            -79.931,8.53117,56.5
            -79.93085,8.53128,57.2
            -79.93052,8.53155,58.2
            -79.93012,8.53186,58.1
            -79.92979,8.5321,58.2
            -79.929419,8.53234,57.3
            -79.929,8.53261,55.6
            -79.92877,8.53274,55.2
            -79.92761,8.5334,57.9
            -79.92691,8.53379,61.6
            -79.92615,8.53422,62.3
            -79.92558,8.53453,61.1
            -79.92507,8.53482,61.1
            -79.924539,8.53511,61.1
            -79.92382,8.53552,59.6
            -79.92381,8.53552,59.6
            -79.92335,8.53577,57.2
            -79.92234,8.536339,55.5
            -79.92183,8.536619,52.9
            -79.92139,8.53686,50.9
            -79.92122,8.53696,50.4
            -79.92049,8.537369,48.4
            -79.92047,8.53738,48.3
            -79.91989,8.537699,45.9
            -79.91937,8.538,45.6
            -79.918809,8.5383,41.1
            -79.91825,8.5386,43
            -79.9178,8.53886,44.6
            -79.91734,8.53912,46.3
            -79.91691,8.53937,48.8
            -79.91673,8.53948,49.7
            -79.91655,8.53959,49.7
            -79.91632,8.53976,49.2
            -79.91621,8.53985,48.9
            -79.91612,8.53993,48.7
            -79.91584,8.5402,48.7
            -79.91573,8.54031,49
            -79.91565,8.54041,49.4
            -79.91555,8.54053,49.8
            -79.91547,8.54064,50.2
            -79.9153,8.540889,51.2
            -79.91492,8.54148,52.6
            -79.91459,8.54199,53
            -79.91455,8.54205,53
            -79.91447,8.54217,52.8
            -79.91408,8.54275,51
            -79.91364,8.54346,48.4
            -79.9133,8.54398,47.9
            -79.91174,8.54639,54.2
            -79.91165,8.54655,54.1
            -79.91156,8.5467,53.8
            -79.91141,8.54695,53.7
            -79.91104,8.5475,53.5
            -79.91007,8.54898,49.7
            -79.91005,8.54901,49.6
            -79.90966,8.54963,49.8
            -79.90938,8.55006,48.8
            -79.90828,8.55177,50.1
            -79.908019,8.55217,49.9
            -79.90771,8.55268,48.5
            -79.9076,8.55286,47.9
            -79.90753,8.55296,47.6
            -79.90741,8.55312,47.3
            -79.90731,8.55326,47.1
            -79.90684,8.554,45.7
            -79.906409,8.55466,44.7
            -79.90546,8.556139,45.4
            -79.90525,8.55643,45.6
            -79.90504,8.55671,45.9
            -79.9048,8.55702,45
            -79.90469,8.55717,44.6
            -79.90452,8.55738,43.8
            -79.90422,8.55771,42.8
            -79.90388,8.55805,42.5
            -79.90356,8.55834,42.7
            -79.90327,8.55859,42.5
            -79.90309,8.55873,41.5
            -79.9029,8.55887,40.3
            -79.90275,8.55898,39.2
            -79.90228,8.55929,37
            -79.90194,8.5595,36.9
            -79.90177,8.5596,36.7
            -79.9016,8.55969,36.5
            -79.90132,8.55984,36.1
            -79.901169,8.55991,35.8
            -79.90048,8.56022,34.4
            -79.89925,8.56079,32.3
            -79.89771,8.5615,34.8
            -79.89666,8.561959,35.7
            -79.8954,8.562519,34.5
            -79.89488,8.56276,34.5
            -79.89351,8.56342,31.9
            -79.89293,8.5637,32.2
            -79.89207,8.56413,32.9
            -79.89187,8.56422,32.9
            -79.89081,8.56471,30
            -79.88956,8.565289,26.7
            -79.88858,8.56574,19.7
            -79.88842,8.56581,17.9
            -79.88794,8.56603,15.1
            -79.88776,8.56612,14.4
            -79.88759,8.56619,13.8
            -79.88735,8.56631,13.7
            -79.88717,8.56639,14.1
            -79.88708,8.56644,14.4
            -79.88698,8.56649,14.7
            -79.886709,8.566649,15.8
            -79.88647,8.5668,16
            -79.88646,8.5668,16.1
            -79.88632,8.56691,16
            -79.88609,8.5671,15.6
            -79.88573,8.56746,14.4
            -79.885499,8.567729,14.1
            -79.88531,8.56798,14.2
            -79.88513,8.56827,14.6
            -79.88498,8.56853,14.8
            -79.88487,8.56875,14.7
            -79.88473,8.56906,14.7
            -79.88463,8.56936,14.3
            -79.88457,8.56957,13.8
            -79.88452,8.56976,13.3
            -79.884469,8.56997,12.7
            -79.88442,8.57028,12.4
            -79.8844,8.570449,12.2
            -79.88439,8.570779,11.8
            -79.884379,8.57126,13
            -79.88437,8.57166,14.2
            -79.88437,8.57197,14.3
            -79.88436,8.57254,14.6
            -79.88436,8.572749,14.7
            -79.88435,8.57362,15.2
            -79.88435,8.574,17.6
            -79.88435,8.57461,20.6
            -79.88435,8.574909,21.9
            -79.88435,8.57521,22.3
            -79.88435,8.5759,22.3
            -79.88435,8.57642,24.1
            -79.88433,8.57744,26.3
            -79.88431,8.5787,25.4
            -79.88431,8.57908,24.5
            -79.884289,8.57978,23.3
            -79.884289,8.58004,23
            -79.88427,8.58085,22.8
            -79.88425,8.58147,24.6
            -79.88424,8.58179,25.4
            -79.88423,8.58214,26.2
            -79.88423,8.58286,27.9
            -79.88423,8.58305,28.3
            -79.88422,8.5835,29.6
            -79.88422,8.58371,30.3
            -79.88423,8.58394,31.1
            -79.88425,8.58422,32.1
            -79.88428,8.584479,32.9
            -79.884289,8.58458,33.3
            -79.88431,8.58471,33.7
            -79.88433,8.58487,34.2
            -79.88435,8.585,34.6
            -79.88441,8.58527,34.8
            -79.88452,8.585699,35.3
            -79.88459,8.58598,35.7
            -79.88468,8.58626,36
            -79.8848,8.58668,36.7
            -79.88489,8.58694,36.5
            -79.88503,8.58735,36.2
            -79.88518,8.58781,36
            -79.88518,8.58783,36
            -79.88543,8.58858,35.7
            -79.88556,8.58897,35
            -79.88557,8.58899,34.9
            -79.88572,8.58948,34.3
            -79.88594,8.590159,34.4
            -79.885949,8.59018,34.5
            -79.8861,8.59066,35.4
            -79.88619,8.59094,35.9
            -79.88622,8.591049,36.1
            -79.88627,8.59121,36.2
            -79.8863,8.59131,36.3
            -79.886529,8.59201,36.1
            -79.8867,8.59254,36.1
            -79.88685,8.59299,36.1
            -79.88704,8.59359,36
            -79.88731,8.59441,34.4
            -79.88744,8.59484,34.1
            -79.88754,8.59512,34.1
            -79.88772,8.59569,34.8
            -79.8878,8.59595,34.9
            -79.88785,8.59609,34.9
            -79.88816,8.59707,33.9
            -79.88826,8.59741,33.9
            -79.88836,8.59779,33.6
            -79.88842,8.59802,33.3
            -79.88848,8.598369,33
            -79.88854,8.5988,33.3
            -79.88857,8.599119,33.4
            -79.888589,8.59953,32.8
            -79.888589,8.59988,32.2
            -79.88858,8.60023,31.3
            -79.88857,8.60038,30.9
            -79.88856,8.60052,30.5
            -79.88854,8.60068,30
            -79.88853,8.60083,29.5
            -79.88851,8.60093,29.5
            -79.888499,8.60101,29.6
            -79.88847,8.60121,29.7
            -79.88845,8.60131,29.8
            -79.888409,8.60151,29.9
            -79.88831,8.60193,29.9
            -79.88821,8.60227,29.5
            -79.88814,8.60248,29.1
            -79.88807,8.60268,28.9
            -79.88796,8.602969,28.7
            -79.88787,8.60318,28.7
            -79.88779,8.60334,28.7
            -79.88772,8.6035,28.8
            -79.88753,8.603859,29.3
            -79.88741,8.60406,29.4
            -79.88731,8.60423,29.3
            -79.88709,8.60457,28.5
            -79.88685,8.60495,27.7
            -79.88631,8.6058,27.4
            -79.88513,8.60762,24.2
            -79.8849,8.60798,23.3
            -79.88464,8.60836,22.4
            -79.88437,8.60876,22.6
            -79.88408,8.60917,22.9
            -79.88402,8.60926,22.6
            -79.88394,8.60937,22.2
            -79.88379,8.60958,21.6
            -79.8835,8.60998,20.2
            -79.88328,8.61028,20
            -79.88311,8.6105,20.3
            -79.88235,8.61154,20.5
            -79.88205,8.61194,19.9
            -79.88188,8.61217,20.1
            -79.88187,8.61219,20.1
            -79.88181,8.61227,20.3
            -79.88175,8.61236,20.6
            -79.88163,8.612539,21.1
            -79.88155,8.612679,21.3
            -79.88149,8.61278,21.4
            -79.8814,8.61296,21.6
            -79.88135,8.61292,21.8
            -79.88132,8.6129,22
            -79.88129,8.61289,22.1
            -79.88127,8.61289,22.2
            -79.88124,8.61289,22.3
            -79.88122,8.6129,22.4
            -79.88117,8.61292,22.6
            -79.8809,8.61302,23.5
            -79.88043,8.6132,23.1
            -79.87951,8.61359,19.6
            -79.87924,8.61369,18.8
            -79.879099,8.61375,18.1
            -79.87873,8.61391,15.7
            -79.87804,8.614229,12.9
            -79.87791,8.61429,12.8
            -79.87751,8.61447,12.3
            -79.87728,8.61455,12.7
            -79.87705,8.61462,13.3
            -79.87692,8.614649,13.6
            -79.87689,8.61466,13.7
            -79.876589,8.61469,14.7
            -79.87622,8.614699,16.2
            -79.87562,8.61473,17.5
            -79.87526,8.61476,17.3
            -79.87524,8.61476,17.3
            -79.87496,8.61481,17.2
            -79.874619,8.61486,16.1
            -79.87393,8.61499,14.3
            -79.87347,8.61508,14.6
            -79.87323,8.61513,14.8
            -79.87257,8.61524,16.8
            -79.87205,8.61532,18
            -79.87178,8.61536,18.5
            -79.87143,8.6154,19.3
            -79.87114,8.61543,20
            -79.87081,8.615449,20.8
            -79.87059,8.61546,20.4
            -79.87057,8.61546,20.4
            -79.86982,8.6155,19.3
            -79.86914,8.61553,18.9
            -79.86875,8.61556,18.2
            -79.86873,8.61556,18.1
            -79.86829,8.61567,17.2
            -79.8681,8.61572,17.1
            -79.86684,8.61614,15.6
            -79.86644,8.61628,15.8
            -79.86583,8.616479,16.8
            -79.86578,8.6165,16.8
            -79.86514,8.61672,15.9
            -79.86499,8.61677,15.5
            -79.86494,8.61678,15.4
            -79.86488,8.61679,15.4
            -79.86484,8.61679,15.4
            -79.86481,8.61679,15.3
            -79.864769,8.6168,15.3
            -79.86465,8.61684,15.2
            -79.86403,8.61705,15.9
            -79.86386,8.6171,16.4
            -79.86365,8.61716,17.2
            -79.86338,8.61724,18.2
            -79.86333,8.61725,18.4
            -79.86308,8.61732,17.9
            -79.86296,8.61733,17.6
            -79.86285,8.61735,17.3
            -79.86273,8.61736,17
            -79.86247,8.61736,16.2
            -79.86196,8.61737,14.2
            -79.86159,8.61736,12.8
            -79.86026,8.61737,12.5
            -79.85898,8.61739,14.1
            -79.85746,8.61741,14
            -79.857339,8.61741,13.8
            -79.8573,8.617419,13.8
            -79.85727,8.617419,13.8
            -79.85722,8.61743,13.7
            -79.85689,8.61744,13.3
            -79.85651,8.61744,12.7
            -79.85585,8.61745,11
            -79.85538,8.61745,9.9
            -79.85514,8.61745,9.3
            -79.85481,8.61745,9
            -79.85393,8.61746,8.8
            -79.8532,8.61746,7.9
            -79.85283,8.61745,7.4
            -79.852549,8.61745,7.1
            -79.85135,8.61745,7
            -79.84992,8.61747,7.2
            -79.849729,8.61747,7.7
            -79.84926,8.61749,8.8
            -79.84894,8.61751,10.3
            -79.84881,8.61752,11.1
            -79.84867,8.61754,11.8
            -79.848519,8.61757,12.5
            -79.8484,8.61762,12.8
            -79.84821,8.617699,12.9
            -79.84821,8.61771,12.8
            -79.8479,8.61786,12.3
            -79.84781,8.61791,12
            -79.8477,8.61795,11.8
            -79.8476,8.61797,11.8
            -79.84754,8.61798,11.8
            -79.84748,8.61798,11.8
            -79.84743,8.61798,11.6
            -79.847309,8.61797,11.4
            -79.84718,8.61793,11.4
            -79.84701,8.61788,11.3
            -79.84686,8.61783,11.1
            -79.84684,8.61782,11.1
            -79.84593,8.61748,10.6
            -79.84582,8.61743,11
            -79.84562,8.61736,11.4
            -79.84553,8.61733,11.5
            -79.84549,8.61732,11.5
            -79.8454,8.61732,11.1
            -79.84511,8.61731,10.2
            -79.84508,8.6173,10.2
            -79.84495,8.617279,10.1
            -79.84481,8.61724,10.2
            -79.844759,8.61721,10.5
            -79.844669,8.61717,10.7
            -79.84446,8.61704,11.1
            -79.84416,8.61682,11.1
            -79.84403,8.61673,11.3
            -79.84394,8.616669,11.4
            -79.84383,8.61663,11.4
            -79.84344,8.61651,11.1
            -79.84263,8.61629,9.8
            -79.841939,8.61609,8.8
            -79.841849,8.61608,8.6
            -79.841759,8.61608,8.5
            -79.84174,8.61609,8.4
            -79.84164,8.6161,8.5
            -79.841579,8.61613,8.8
            -79.84157,8.61614,8.9
            -79.84148,8.616199,9.4
            -79.84136,8.61632,10.3
            -79.84111,8.61661,12.2
            -79.840999,8.61673,12.5
            -79.84094,8.61678,12.4
            -79.84088,8.61684,12.3
            -79.84078,8.61689,12.6
            -79.84069,8.61693,13.1
            -79.84051,8.61699,14
            -79.840369,8.61704,14.6
            -79.84012,8.61715,15.2
            -79.839699,8.61739,13.8
            -79.83963,8.617419,13.6
            -79.83938,8.61757,12.7
            -79.83911,8.61773,12.8
            -79.83891,8.61785,13.2
            -79.83859,8.61804,13.6
            -79.8379,8.61848,14.2
            -79.83784,8.61852,14.5
            -79.83766,8.61862,15.1
            -79.83749,8.61872,15.7
            -79.83736,8.61879,16.1
            -79.83725,8.61884,16.5
            -79.8372,8.61885,16.7
            -79.83703,8.6189,17.4
            -79.83681,8.61896,18.3
            -79.83667,8.61899,18.8
            -79.83662,8.619,19
            -79.83639,8.61907,19.5
            -79.83605,8.6192,20
            -79.83574,8.61931,19.9
            -79.83565,8.61934,19.7
            -79.83525,8.61947,19.2
            -79.83496,8.61954,19.4
            -79.83469,8.6196,20.4
            -79.83459,8.61962,20.8
            -79.83439,8.61966,21.7
            -79.83433,8.61966,22
            -79.83421,8.61968,22.5
            -79.83402,8.61968,23.3
            -79.83391,8.61966,23.8
            -79.83381,8.61964,24.2
            -79.83363,8.619579,24.9
            -79.83347,8.61951,25.5
            -79.83323,8.61943,26.3
            -79.8331,8.619389,26.6
            -79.83296,8.61937,27
            -79.83268,8.61934,27.9
            -79.83257,8.61933,28.2
            -79.83239,8.61932,28.3
            -79.83198,8.61928,27.6
            -79.83168,8.61922,27
            -79.83148,8.61917,26.6
            -79.83144,8.61916,26.5
            -79.83139,8.61913,26.4
            -79.83135,8.6191,26.4
            -79.83129,8.61905,26.4
            -79.83123,8.61898,26.4
            -79.83111,8.6188,26.4
            -79.83098,8.61857,26.3
            -79.8309,8.61841,26.2
            -79.83086,8.61832,26.2
            -79.83082,8.61822,26.4
            -79.830789,8.61809,26.8
            -79.83078,8.61807,26.8
            -79.830699,8.61764,28.3
            -79.83067,8.61753,28.7
            -79.83064,8.61746,29.1
            -79.830609,8.6174,29.7
            -79.83055,8.61734,30
            -79.83041,8.61724,30.4
            -79.8301,8.61708,30.6
            -79.83,8.61701,31.1
            -79.82995,8.61698,30.7
            -79.82987,8.61692,30.2
            -79.82986,8.6169,30.3
            -79.82983,8.61685,30.3
            -79.82977,8.61674,30.5
            -79.82975,8.61665,31.1
            -79.82974,8.6165,33.2
            -79.82971,8.61632,35.4
            -79.82968,8.61616,37.2
            -79.82966,8.61607,38.2
            -79.82962,8.61597,39
            -79.82956,8.61584,40
            -79.82947,8.61572,40.7
            -79.8294,8.61563,41.3
            -79.82932,8.61552,42.2
            -79.82919,8.61538,43.1
            -79.82913,8.6153,44.3
            -79.82901,8.61516,46.8
            -79.82892,8.61504,48.9
            -79.82889,8.61501,49.5
            -79.82886,8.615,49.5
            -79.828819,8.61499,49.4
            -79.82877,8.61499,49.2
            -79.828729,8.61499,49
            -79.82867,8.615,48.6
            -79.82854,8.61503,47.3
            -79.8285,8.61504,46.9
            -79.8284,8.61506,46
            -79.82831,8.61506,45.6
            -79.82822,8.61506,45.2
            -79.82817,8.61505,45.1
            -79.82808,8.61503,45
            -79.82801,8.615,45.1
            -79.82801,8.61499,45
            -79.827969,8.61496,44.6
            -79.82787,8.61488,43.4
            -79.8276,8.61464,38.5
            -79.82759,8.61462,38.1
            -79.82745,8.61453,34.9
            -79.82717,8.614369,28.7
            -79.82714,8.61435,28.1
            -79.82698,8.61426,25.2
            -79.82682,8.61418,22.9
            -79.82673,8.61413,22.3
            -79.82601,8.61378,21.6
            -79.82598,8.61377,21.5
            -79.8258,8.61368,20.9
            -79.82567,8.61365,20.4
            -79.82566,8.61365,20.3
            -79.82558,8.61364,19.9
            -79.8255,8.61364,19.4
            -79.8254,8.61364,18.8
            -79.82523,8.61367,17.6
            -79.82513,8.6137,16.7
            -79.82453,8.61385,15.9
            -79.82389,8.614,16.1
            -79.82374,8.61403,15.9
            -79.8235,8.61407,15.7
            -79.823359,8.61408,15.6
            -79.82333,8.614089,15.6
            -79.82316,8.61408,15.8
            -79.82298,8.61406,16
            -79.82208,8.61395,16.3
            -79.82196,8.61394,16.2
            -79.82191,8.61395,16.1
            -79.821789,8.61395,15.9
            -79.82164,8.61397,15.6
            -79.82154,8.614,15.3
            -79.82142,8.61406,14.8
            -79.821389,8.61407,14.7
            -79.82126,8.61415,14.1
            -79.82109,8.61424,13.2
            -79.82107,8.61424,13.2
            -79.820939,8.61429,12.6
            -79.82075,8.61433,12.2
            -79.82047,8.61436,12.1
            -79.82035,8.614369,12
            -79.81956,8.61441,13.1
            -79.81903,8.61443,14.2
            -79.81866,8.61445,14.4
            -79.81843,8.61447,14.5
            -79.81825,8.61449,14.7
            -79.81818,8.6145,14.9
            -79.818,8.61454,15.3
            -79.81784,8.61459,15.4
            -79.81782,8.61459,15.5
            -79.8177,8.61464,15.5
            -79.81757,8.614699,15.3
            -79.81741,8.61478,15.1
            -79.81731,8.614839,14.7
            -79.81717,8.61494,14
            -79.81703,8.61504,13.1
            -79.81697,8.61508,12.6
            -79.81692,8.61511,12.3
            -79.81688,8.615119,12.2
            -79.81686,8.615119,12.2
            -79.81678,8.61513,12.2
            -79.816509,8.61514,11.7
            -79.816149,8.61513,10.7
            -79.81581,8.6151,10
            -79.81542,8.61504,10.1
            -79.8152,8.61502,10.1
            -79.81507,8.61502,9.9
            -79.81506,8.61502,9.9
            -79.81494,8.61502,10
            -79.81486,8.61503,10.2
            -79.81466,8.61506,10.6
            -79.81452,8.61507,11
            -79.81449,8.61508,11
            -79.81428,8.615119,11.2
            -79.814089,8.61517,11.6
            -79.81399,8.61519,12.2
            -79.81382,8.61524,12.9
            -79.81347,8.61538,13.9
            -79.81314,8.61551,14.4
            -79.81312,8.61552,14.4
            -79.81299,8.61557,14.6
            -79.81289,8.61563,14.5
            -79.81277,8.61571,14.4
            -79.8127,8.61578,14.1
            -79.81268,8.61579,14.2
            -79.81264,8.61584,13.9
            -79.81242,8.61608,14.3
            -79.81216,8.61638,15.2
            -79.812029,8.61652,15
            -79.81196,8.6166,14.6
            -79.81187,8.61668,14.4
            -79.811719,8.61682,14.2
            -79.8116,8.61692,14.5
            -79.81142,8.61705,14.7
            -79.8114,8.61706,14.7
            -79.81123,8.61717,13.7
            -79.811089,8.61724,12.5
            -79.81108,8.61724,12.6
            -79.81097,8.617279,11.8
            -79.81071,8.61733,10.4
            -79.81049,8.61738,8.4
            -79.81026,8.61746,4.8
            -79.81021,8.61748,3.9
            -79.81005,8.61755,3
            -79.80995,8.61759,3.7
            -79.80988,8.61761,4.6
            -79.80983,8.61763,5.2
            -79.80962,8.61765,7.9
            -79.80915,8.61769,13.1
            -79.80895,8.61771,13.1
            -79.80852,8.617749,13.2
            -79.80834,8.617749,13.5
            -79.80825,8.61774,12.6
            -79.80823,8.61774,12.4
            -79.80811,8.61771,11.2
            -79.80807,8.61769,10.9
            -79.80801,8.61766,10.4
            -79.80795,8.61762,9.9
            -79.80791,8.61759,9.6
            -79.80782,8.61751,8.7
            -79.80776,8.61743,9.2
            -79.80772,8.61738,9.5
            -79.80762,8.61718,12.1
            -79.807599,8.61716,12.1
            -79.80746,8.61691,15.1
            -79.80743,8.61685,15.9
            -79.807329,8.616669,17.3
            -79.80722,8.61649,15.2
            -79.80707,8.61629,12.9
            -79.80691,8.6161,11.2
            -79.8068,8.61597,10.5
            -79.80668,8.61583,10.2
            -79.80665,8.6158,10.1
            -79.80632,8.61546,9.3
            -79.80594,8.61506,8.5
            -79.80576,8.61487,9.2
            -79.80565,8.61475,9.7
            -79.80559,8.61467,10.1
            -79.80557,8.61464,10.2
            -79.805449,8.61448,10.6
            -79.80514,8.61398,10.4
            -79.80508,8.61389,9.8
            -79.80506,8.61385,9.6
            -79.805,8.61374,8.5
            -79.80497,8.61364,8.7
            -79.80494,8.61356,8.7
            -79.80493,8.61351,8.8
            -79.80491,8.61338,9.1
            -79.80489,8.6132,9.5
            -79.80489,8.61302,10.1
            -79.80489,8.61298,10.2
            -79.80492,8.61259,11.7
            -79.80496,8.61213,13.8
            -79.805,8.61177,15.6
            -79.80501,8.61166,16.2
            -79.805,8.61143,15.1
            -79.80497,8.61115,13.8
            -79.804869,8.61053,11.7
            -79.80481,8.61014,11.1
            -79.80477,8.60993,11.2
            -79.80473,8.60972,12
            -79.80468,8.60953,12.7
            -79.80462,8.60931,13.5
            -79.80458,8.60924,13.6
            -79.80454,8.60913,14.1
            -79.80444,8.60896,15.1
            -79.80432,8.60882,15.5
            -79.80417,8.60866,15.7
            -79.8039,8.6085,15.8
            -79.8037,8.60838,16
            -79.80352,8.608269,15.9
            -79.80298,8.60794,15.3
            -79.80232,8.607519,15.8
            -79.80232,8.60751,15.9
            -79.801779,8.60714,13.4
            -79.80144,8.6069,12.6
            -79.80127,8.6068,12.3
            -79.80122,8.606769,12.1
            -79.80101,8.60664,11.8
            -79.8009,8.606579,12
            -79.8008,8.60654,12.1
            -79.80072,8.6065,12.5
            -79.8005,8.60643,13.4
            -79.80028,8.60637,14.4
            -79.80021,8.60635,14.8
            -79.79994,8.60629,15.9
            -79.79975,8.60625,16.3
            -79.79953,8.6062,16.8
            -79.79907,8.60611,17.3
            -79.79881,8.60606,16.8
            -79.79823,8.60595,15.4
            -79.79803,8.6059,15
            -79.79792,8.60588,14.6
            -79.79774,8.605829,14.2
            -79.79744,8.60574,14.6
            -79.79705,8.60561,15.8
            -79.79635,8.60539,16.2
            -79.79595,8.60526,15.6
            -79.79583,8.60523,15.2
            -79.79548,8.60513,13.8
            -79.79531,8.605079,12.9
            -79.79514,8.60503,12
            -79.79498,8.60496,12.2
            -79.79486,8.6049,13.3
            -79.79467,8.604799,14.4
            -79.79451,8.60471,14.8
            -79.7944,8.60462,15.1
            -79.7943,8.60453,15.1
            -79.79421,8.60443,14.9
            -79.79416,8.60434,15.1
            -79.7941,8.60421,15.7
            -79.79404,8.60406,16.1
            -79.79397,8.603859,16.6
            -79.793899,8.6037,16.8
            -79.79384,8.60357,17
            -79.79376,8.60342,17
            -79.79365,8.60324,17.2
            -79.79342,8.60287,18.1
            -79.79336,8.60276,18.5
            -79.7933,8.60265,19
            -79.79317,8.60245,19.1
            -79.79308,8.60229,18.1
            -79.79297,8.60213,16.9
            -79.79275,8.60176,14.3
            -79.79258,8.60144,11.4
            -79.7925,8.60127,10
            -79.79243,8.6011,9.4
            -79.79237,8.60093,8.9
            -79.79234,8.60085,8.7
            -79.79227,8.60066,8
            -79.79217,8.60035,7.2
            -79.79212,8.600199,6.8
            -79.79207,8.60005,6.6
            -79.79201,8.599919,6.5
            -79.79191,8.59974,6.3
            -79.79181,8.59955,6.2
            -79.7917,8.59935,6.1
            -79.791569,8.599119,5.8
            -79.79148,8.59896,5.3
            -79.79139,8.5988,4.9
            -79.79128,8.59858,4.5
            -79.79111,8.59825,4
            -79.7906,8.59728,4
            -79.79031,8.59675,4
            -79.78992,8.59601,4
            -79.78913,8.59456,4
            -79.78877,8.5939,4
            -79.7884,8.59323,4
            -79.78796,8.59244,4
            -79.78774,8.59203,4
            -79.78739,8.59142,4.5
            -79.78738,8.5914,4.5
            -79.787229,8.59116,4.6
            -79.78717,8.59106,4.5
            -79.78711,8.59097,4.4
            -79.78699,8.5908,4
            -79.78689,8.59068,4
            -79.78675,8.59052,4
            -79.78664,8.59041,4.3
            -79.78632,8.59006,4.6
            -79.786199,8.58993,4
            -79.78571,8.5894,4.6
            -79.78485,8.588469,4
            -79.78376,8.58726,4
            -79.78328,8.58672,4
            -79.78303,8.586449,4
            -79.78292,8.58634,4
            -79.78287,8.5863,4
            -79.782839,8.58629,4
            -79.78274,8.58625,4
            -79.78262,8.58623,4
            -79.78254,8.58623,4
            -79.78251,8.58623,4
            -79.78243,8.58624,4.2
            -79.78237,8.58624,4.4
            -79.78227,8.58628,4.6
            -79.78215,8.58632,4.9
            -79.78198,8.58642,4.9
            -79.7816,8.58667,4.4
            -79.78142,8.586779,5.3
            -79.78108,8.587,6.1
            -79.78059,8.58732,6.9
            -79.77982,8.58782,8.6
            -79.77942,8.58809,8
            -79.77929,8.58817,8.1
            -79.77877,8.58852,7.9
            -79.77689,8.58974,7.6
            -79.77665,8.5899,7.5
            -79.77616,8.59021,8
            -79.77513,8.59088,7.1
            -79.77465,8.5912,7
            -79.77396,8.59164,7.3
            -79.77306,8.59222,7.7
            -79.77271,8.59244,7.8
            -79.7719,8.59297,7
            -79.77149,8.59323,6.7
            -79.77107,8.5935,6.3
            -79.77025,8.59403,7.3
            -79.76917,8.59474,9
            -79.76775,8.595649,8
            -79.76662,8.59638,7.3
            -79.76554,8.59708,7.6
            -79.76541,8.59717,7.7
            -79.76515,8.59733,7.8
            -79.76465,8.59765,8
            -79.7639,8.59813,7.8
            -79.7631,8.59864,6.6
            -79.76257,8.598979,6.2
            -79.7619,8.59942,7
            -79.76129,8.59981,8
            -79.76109,8.59995,8
            -79.76102,8.6,8
            -79.76087,8.60011,8.1
            -79.76065,8.60029,8.2
            -79.76031,8.60058,7.8
            -79.76023,8.60064,7.7
            -79.75981,8.60101,6.8
            -79.75937,8.6014,7
            -79.75904,8.60169,7.8
            -79.75888,8.60183,7.8
            -79.75884,8.60187,7.8
            -79.75873,8.60197,7.9
            -79.75841,8.60222,8.1
            -79.75818,8.6024,8.7
            -79.75798,8.60257,9.4
            -79.75778,8.60273,9.6
            -79.757679,8.60282,9.6
            -79.757589,8.602919,9.5
            -79.757499,8.60303,9.4
            -79.75743,8.60316,8.7
            -79.75731,8.60338,7.8
            -79.75718,8.60369,8.1
            -79.75696,8.60416,10
            -79.75678,8.60451,10.8
            -79.75667,8.60466,11.2
            -79.75664,8.60469,11.2
            -79.75657,8.60476,11.2
            -79.75648,8.60481,11.1
            -79.7564,8.60483,11
            -79.75631,8.60485,10.9
            -79.75597,8.60484,10.1
            -79.75547,8.604799,8.7
            -79.75541,8.604799,8.5
            -79.75496,8.60476,7.4
            -79.75437,8.60471,7.6
            -79.75414,8.60469,7.6
            -79.75399,8.60469,7.4
            -79.75385,8.6047,7.3
            -79.753739,8.60472,7.2
            -79.753649,8.604749,7.1
            -79.75355,8.604799,7
            -79.75342,8.60489,7
            -79.7533,8.60502,6.9
            -79.75297,8.60542,5.6
            -79.7529,8.60551,5.3
            -79.75217,8.60643,5.2
            -79.75203,8.60661,5.5
            -79.75143,8.60736,7.7
            -79.75071,8.60825,6.6
            -79.75067,8.60831,6.6
            -79.75034,8.60872,5.8
            -79.75004,8.6091,5.1
            -79.74977,8.60943,5.8
            -79.74976,8.60944,5.8
            -79.74957,8.60965,6.4
            -79.74931,8.6099,6.9
            -79.74908,8.61009,6.3
            -79.74894,8.61022,5.5
            -79.74881,8.61034,5
            -79.74867,8.61046,4.8
            -79.7484,8.6107,5
            -79.74791,8.61114,3.4
            -79.7477,8.61133,3.1
            -79.74729,8.61169,3.4
            -79.74723,8.61174,3.5
            -79.74588,8.61294,5.9
            -79.74555,8.61322,5.6
            -79.74546,8.613289,5.5
            -79.74527,8.61344,5.7
            -79.74489,8.61373,6.6
            -79.74459,8.61394,7.2
            -79.74414,8.61425,7.9
            -79.74394,8.61439,7.7
            -79.74369,8.61455,7.9
            -79.74278,8.61515,8.8
            -79.74257,8.61528,8.9
            -79.74223,8.615449,9.2
            -79.74171,8.61572,9.6
            -79.74149,8.61583,9.6
            -79.74122,8.61595,9.5
            -79.74036,8.61636,8.8
            -79.74017,8.61645,8.6
            -79.73953,8.61675,9.2
            -79.73891,8.61706,9.2
            -79.73871,8.61718,8.8
            -79.73859,8.61726,8.3
            -79.7385,8.61734,7.7
            -79.73842,8.61743,6.8
            -79.7383,8.61761,6.2
            -79.73818,8.61782,6.5
            -79.73775,8.61867,7.7
            -79.7376,8.61898,8
            -79.73739,8.61938,8.8
            -79.73692,8.62027,8.7
            -79.73674,8.620609,9.1
            -79.73654,8.62096,9.7
            -79.73641,8.62119,9.5
            -79.736369,8.62126,9.4
            -79.73631,8.62138,9.3
            -79.73627,8.62151,9.3
            -79.73621,8.621689,9.2
            -79.73615,8.62204,8.6
            -79.73605,8.62264,7.7
            -79.73596,8.6231,7.8
            -79.73594,8.623189,7.9
            -79.7359,8.62335,8.1
            -79.73584,8.62351,7.8
            -79.73576,8.62369,7.5
            -79.73563,8.62394,7.5
            -79.73549,8.62416,7.8
            -79.73535,8.62433,7.9
            -79.7352,8.624459,7.9
            -79.735,8.624599,8
            -79.7348,8.62473,7.5
            -79.734579,8.62484,7.2
            -79.73423,8.62498,7
            -79.733949,8.625069,7.5
            -79.73338,8.62524,8.9
            -79.73277,8.62542,8
            -79.73169,8.62575,8.9
            -79.73082,8.62601,8
            -79.73042,8.62614,8
            -79.73029,8.62619,8
            -79.7302,8.626239,8
            -79.73011,8.626289,8
            -79.730009,8.62636,8
            -79.72986,8.62647,7.9
            -79.72959,8.62668,7.5
            -79.72927,8.62694,7.4
            -79.72903,8.62714,7.6
            -79.72881,8.62729,7.9
            -79.72859,8.62744,8
            -79.7283,8.6276,8.3
            -79.72802,8.62776,8.3
            -79.72775,8.62791,8.4
            -79.72759,8.62801,8.6
            -79.72742,8.62813,8.7
            -79.72732,8.62822,8.7
            -79.72725,8.62829,8.6
            -79.72721,8.62833,8.6
            -79.727099,8.62846,8.5
            -79.727,8.6286,8.6
            -79.72684,8.62884,8.7
            -79.72663,8.62922,8.9
            -79.72656,8.62936,8.7
            -79.7265,8.62951,8.7
            -79.72638,8.62985,8.7
            -79.72631,8.63004,8.7
            -79.72623,8.63021,8.2
            -79.72614,8.63035,7.8
            -79.726,8.63049,7.4
            -79.72589,8.63059,7.1
            -79.72566,8.63078,6.8
            -79.72523,8.631119,6.9
            -79.72459,8.63163,7.4
            -79.72389,8.63218,7
            -79.7232,8.63273,6.9
            -79.72278,8.63306,7.2
            -79.7225,8.6333,7.9
            -79.72221,8.63353,7.6
            -79.72212,8.633609,7.6
            -79.72171,8.63393,7.5
            -79.7212,8.63438,7.1
            -79.72071,8.634829,6.8
            -79.72022,8.63527,7.3
            -79.71996,8.63548,7.7
            -79.71987,8.63555,7.9
            -79.71978,8.63561,8.1
            -79.719579,8.63573,8.5
            -79.71941,8.63581,8.7
            -79.719309,8.63584,8.8
            -79.71921,8.63585,8.9
            -79.71909,8.635859,8.9
            -79.71894,8.635859,8.7
            -79.7188,8.63585,8.5
            -79.71861,8.63583,8.3
            -79.71769,8.63566,7.4
            -79.71716,8.63555,7.3
            -79.71695,8.63552,7.4
            -79.7168,8.6355,7.4
            -79.7166,8.63549,7.4
            -79.71651,8.63549,7.5
            -79.716399,8.6355,7.5
            -79.716309,8.63552,7.5
            -79.71622,8.63554,7.5
            -79.71607,8.63561,7.5
            -79.715909,8.6357,7.3
            -79.71556,8.63592,7.4
            -79.71543,8.63596,7.6
            -79.71533,8.63601,7.7
            -79.71525,8.636049,7.8
            -79.71518,8.6361,7.9
            -79.7151,8.63618,7.9
            -79.71499,8.63629,8
            -79.7148,8.63654,8
            -79.71459,8.63686,7.8
            -79.71436,8.63719,7.4
            -79.71408,8.63759,7.2
            -79.7139,8.637829,7.6
            -79.713759,8.63804,7.8
            -79.713489,8.63842,8
            -79.71322,8.6388,8.1
            -79.71307,8.639,8.3
            -79.7129,8.63919,8.5
            -79.71275,8.63933,8.5
            -79.71249,8.63955,8.5
            -79.71222,8.6398,8.1
            -79.71185,8.640129,7.9
            -79.711519,8.64042,7.6
            -79.71078,8.64104,7.5
            -79.71008,8.64164,6.9
            -79.71015,8.64176,7
            -79.71016,8.64181,7
            -79.710179,8.64185,7.1
            -79.71022,8.6419,7.2
            -79.71038,8.64215,7.7
            -79.71048,8.64231,8.1
            -79.7105,8.64235,8.2
            -79.71051,8.6424,8.3
            -79.71051,8.64244,8.5
            -79.71051,8.6425,8.6
            -79.710489,8.64256,8.6
            -79.71046,8.64263,8.5
            -79.71045,8.64264,8.5
            -79.710089,8.643179,8.7
            -79.70954,8.64398,8.3
            -79.70914,8.64456,8.6
            -79.70901,8.64476,8.6
            -79.70896,8.64489,8.6
            -79.70892,8.645,8.6
            -79.70892,8.64507,8.6
            -79.70939,8.64598,8.4
            -79.70936,8.646,8.4
            -79.70933,8.64602,8.4
            -79.70931,8.64604,8.3
            -79.70928,8.64606,8.3
            -79.70926,8.64608,8.3
            -79.70923,8.6461,8.3
            -79.7092,8.64612,8.3
            -79.70918,8.64613,8.3
            -79.709149,8.64615,8.2
            -79.70913,8.64617,8.2
            -79.7091,8.64619,8.2
            -79.70907,8.64621,8.1
            -79.70905,8.646229,8.1
            -79.70902,8.64625,8.1
            -79.709,8.64627,8.1
            -79.708969,8.64629,8
            -79.70894,8.64631,8
            -79.70892,8.64633,8
            -79.70889,8.64635,8
            -79.70887,8.646369,7.9
            -79.70884,8.64639,7.9
            -79.7088,8.64643,7.9
            -79.7089,8.64655,7.6
            -79.70901,8.64674,6.9
            -79.709059,8.64681,6.5
            -79.70922,8.64696,5.5
            -79.70862,8.647309,5.1
            -79.70831,8.647543,4.9
            -79.70822,8.64761,4.9
          </coordinates>
        </LineString>
      </Placemark>
    </Folder>
  </Document>
</kml>
